FID,id,país,organizaci,mapa,codigo eco,tipo ecosi,salud,SE,causa degr,xcoord,ycoord,ecosistema,funcionalidad,x,y
1,1,Ecuador,Tierra Viva,Tierra Viva,Rv,N/A,2,"P3, R1, R5, R4, P1, A1, P2","Tala, quemas, contaminación fuentes hídricas",1501818.67594315,52804.5033396522,Riveras del río,Moderado,-78.0336738075617,0.471861557998308
2,2,Ecuador,Tierra Viva,Tierra Viva,Rv,N/A,2,"P3, R1, R5, R4, P1, A1, P2","Tala, quemas, contaminación fuentes hídricas",1499077.37982549,53008.6820330742,Riveras del río,Moderado,-78.0580053487791,0.473718015986031
3,3,Ecuador,Tierra Viva,Tierra Viva,Rv,N/A,2,"P3, R1, R5, R4, P1, A1, P2","Tala, quemas, contaminación fuentes hídricas",1499720.08667738,52925.6511438192,Riveras del río,Moderado,-78.0523009888322,0.472968538080989
4,4,Ecuador,Tierra Viva,Tierra Viva,Rv,N/A,2,"P3, R1, R5, R4, P1, A1, P2","Tala, quemas, contaminación fuentes hídricas",1500395.7104797,52786.7483641909,Riveras del río,Moderado,-78.0463051652367,0.471719408238353
5,5,Ecuador,Tierra Viva,Tierra Viva,Rv,N/A,2,"P3, R1, R5, R4, P1, A1, P2","Tala, quemas, contaminación fuentes hídricas",1501727.56849255,53016.7944349931,Riveras del río,Moderado,-78.0344800686982,0.473759653653654
6,6,Ecuador,Tierra Viva,Tierra Viva,Rv,N/A,2,"P3, R1, R5, R4, P1, A1, P2","Tala, quemas, contaminación fuentes hídricas",1502074.82616983,52910.0774739682,Riveras del río,Moderado,-78.0313988815706,0.472801987440556
7,7,Ecuador,Tierra Viva,Tierra Viva,Rv,N/A,2,"P3, R1, R5, R4, P1, A1, P2","Tala, quemas, contaminación fuentes hídricas",1501521.30903615,52914.0161977499,Riveras del río,Moderado,-78.0363121259086,0.472843625100738
8,8,Ecuador,Tierra Viva,Tierra Viva,Rv,N/A,2,"P3, R1, R5, R4, P1, A1, P2","Tala, quemas, contaminación fuentes hídricas",1502769.31357079,52724.5963935737,Riveras del río,Moderado,-78.0252365073142,0.471136480983221
9,9,Ecuador,Tierra Viva,Tierra Viva,Rv,N/A,2,"P3, R1, R5, R4, P1, A1, P2","Tala, quemas, contaminación fuentes hídricas",1503205.48946692,52785.7391544256,Riveras del río,Moderado,-78.0213642045717,0.471677770583413
10,10,Ecuador,Tierra Viva,Tierra Viva,Rv,N/A,2,"P3, R1, R5, R4, P1, A1, P2","Tala, quemas, contaminación fuentes hídricas",1503941.71160822,52987.0680263939,Riveras del río,Moderado,-78.0148270913384,0.473468190028544
11,11,Ecuador,Tierra Viva,Tierra Viva,Rv,N/A,2,"P3, R1, R5, R4, P1, A1, P2","Tala, quemas, contaminación fuentes hídricas",1504721.02896846,52526.7593113563,Riveras del río,Moderado,-78.0079152391263,0.469346061544426
12,12,Ecuador,Tierra Viva,Tierra Viva,Rv,N/A,2,"P3, R1, R5, R4, P1, A1, P2","Tala, quemas, contaminación fuentes hídricas",1505317.10616253,52294.5352016621,Riveras del río,Moderado,-78.0026272558063,0.467264178472111
13,13,Ecuador,Tierra Viva,Tierra Viva,Rv,N/A,2,"P3, R1, R5, R4, P1, A1, P2","Tala, quemas, contaminación fuentes hídricas",1505739.89629029,51843.0621872375,Riveras del río,Moderado,-77.9988798660505,0.463225325310085
14,14,Ecuador,Tierra Viva,Tierra Viva,Rv,N/A,2,"P3, R1, R5, R4, P1, A1, P2","Tala, quemas, contaminación fuentes hídricas",1505824.79664485,51484.3508598959,Riveras del río,Moderado,-77.9981303880985,0.460019225376721
15,15,Ecuador,Tierra Viva,Tierra Viva,Rv,N/A,2,"P3, R1, R5, R4, P1, A1, P2","Tala, quemas, contaminación fuentes hídricas",1506055.14100071,51111.8417223532,Riveras del río,Moderado,-77.9960901425642,0.456688212459277
16,16,Ecuador,Tierra Viva,Tierra Viva,Rv,N/A,2,"P3, R1, R5, R4, P1, A1, P2","Tala, quemas, contaminación fuentes hídricas",1506111.92894404,50720.4706116917,Riveras del río,Moderado,-77.9955904905958,0.453190648895535
17,17,Ecuador,Tierra Viva,Tierra Viva,Rv,N/A,2,"P3, R1, R5, R4, P1, A1, P2","Tala, quemas, contaminación fuentes hídricas",1506412.92159045,50119.6991621406,Riveras del río,Moderado,-77.9929256801013,0.447819390565982
18,18,Ecuador,Tierra Viva,Tierra Viva,Rv,N/A,2,"P3, R1, R5, R4, P1, A1, P2","Tala, quemas, contaminación fuentes hídricas",1506938.45702565,50036.4682082599,Riveras del río,Moderado,-77.9882622617377,0.447069912660635
19,19,Ecuador,Tierra Viva,Tierra Viva,Rv,N/A,2,"P3, R1, R5, R4, P1, A1, P2","Tala, quemas, contaminación fuentes hídricas",1507699.03146477,49580.7086962024,Riveras del río,Moderado,-77.9815169601736,0.44298942183783
20,20,Ecuador,Tierra Viva,Tierra Viva,Rv,N/A,2,"P3, R1, R5, R4, P1, A1, P2","Tala, quemas, contaminación fuentes hídricas",1508496.88699646,49339.3522689254,Riveras del río,Moderado,-77.9744385572962,0.440824263442952
21,21,Ecuador,Tierra Viva,Tierra Viva,Rv,N/A,2,"P3, R1, R5, R4, P1, A1, P2","Tala, quemas, contaminación fuentes hídricas",1509567.36070791,48697.5217791323,Riveras del río,Moderado,-77.9649451699035,0.435078266161781
22,22,Ecuador,Tierra Viva,Tierra Viva,Be,N/A,2,"P4, A2, R2, P1, C1, C2, R1, R6, R5, P2, R3, A1, R7","Aumento frontera agrícola, uso de insecticidas y herbicidas, mineria, deforestación, incendios forestales, escorrentias, olas de calor, heladas, mal uso del agua de riego, basura en las quebradas",1495911.28601059,51759.2999762795,Bosque espinoso,Moderado,-78.0861263434637,0.462588676563802
23,23,Ecuador,Tierra Viva,Tierra Viva,Be,N/A,2,"P4, A2, R2, P1, C1, C2, R1, R6, R5, P2, R3, A1, R7","Aumento frontera agrícola, uso de insecticidas y herbicidas, mineria, deforestación, incendios forestales, escorrentias, olas de calor, heladas, mal uso del agua de riego, basura en las quebradas",1496052.05623678,53074.6349059023,Bosque espinoso,Moderado,-78.0848616419412,0.474342580901267
24,24,Ecuador,Tierra Viva,Tierra Viva,Be,N/A,2,"P4, A2, R2, P1, C1, C2, R1, R6, R5, P2, R3, A1, R7","Aumento frontera agrícola, uso de insecticidas y herbicidas, mineria, deforestación, incendios forestales, escorrentias, olas de calor, heladas, mal uso del agua de riego, basura en las quebradas",1496972.15283303,52437.5494059645,Bosque espinoso,Moderado,-78.0767006598346,0.468638221281563
25,25,Ecuador,Tierra Viva,Tierra Viva,Be,N/A,2,"P4, A2, R2, P1, C1, C2, R1, R6, R5, P2, R3, A1, R7","Aumento frontera agrícola, uso de insecticidas y herbicidas, mineria, deforestación, incendios forestales, escorrentias, olas de calor, heladas, mal uso del agua de riego, basura en las quebradas",1497160.31636016,52004.5033895361,Bosque espinoso,Moderado,-78.0750351532811,0.464765918764995
26,26,Ecuador,Tierra Viva,Tierra Viva,Be,N/A,2,"P4, A2, R2, P1, C1, C2, R1, R6, R5, P2, R3, A1, R7","Aumento frontera agrícola, uso de insecticidas y herbicidas, mineria, deforestación, incendios forestales, escorrentias, olas de calor, heladas, mal uso del agua de riego, basura en las quebradas",1497071.76918438,51557.1268106507,Bosque espinoso,Moderado,-78.0758262688923,0.460768703263405
27,27,Ecuador,Tierra Viva,Tierra Viva,Be,N/A,2,"P4, A2, R2, P1, C1, C2, R1, R6, R5, P2, R3, A1, R7","Aumento frontera agrícola, uso de insecticidas y herbicidas, mineria, deforestación, incendios forestales, escorrentias, olas de calor, heladas, mal uso del agua de riego, basura en las quebradas",1496612.22271515,51482.0034141874,Bosque espinoso,Moderado,-78.0799067599452,0.460102500678827
28,28,Ecuador,Tierra Viva,Tierra Viva,Be,N/A,2,"P4, A2, R2, P1, C1, C2, R1, R6, R5, P2, R3, A1, R7","Aumento frontera agrícola, uso de insecticidas y herbicidas, mineria, deforestación, incendios forestales, escorrentias, olas de calor, heladas, mal uso del agua de riego, basura en las quebradas",1496179.47166679,52469.1439273419,Bosque espinoso,Moderado,-78.0837374250172,0.468929684910096
29,29,Ecuador,Tierra Viva,Tierra Viva,Be,N/A,2,"P4, A2, R2, P1, C1, C2, R1, R6, R5, P2, R3, A1, R7","Aumento frontera agrícola, uso de insecticidas y herbicidas, mineria, deforestación, incendios forestales, escorrentias, olas de calor, heladas, mal uso del agua de riego, basura en las quebradas",1496573.16238531,52688.6198347199,Bosque espinoso,Moderado,-78.0802398612586,0.470886655000188
30,30,Ecuador,Tierra Viva,Tierra Viva,Be,N/A,2,"P4, A2, R2, P1, C1, C2, R1, R6, R5, P2, R3, A1, R7","Aumento frontera agrícola, uso de insecticidas y herbicidas, mineria, deforestación, incendios forestales, escorrentias, olas de calor, heladas, mal uso del agua de riego, basura en las quebradas",1496461.48797753,51994.2954864898,Bosque espinoso,Moderado,-78.0812391651881,0.464682643440523
31,31,Ecuador,Tierra Viva,Tierra Viva,Be,N/A,2,"P4, A2, R2, P1, C1, C2, R1, R6, R5, P2, R3, A1, R7","Aumento frontera agrícola, uso de insecticidas y herbicidas, mineria, deforestación, incendios forestales, escorrentias, olas de calor, heladas, mal uso del agua de riego, basura en las quebradas",1496171.37134086,51462.8122243996,Bosque espinoso,Moderado,-78.0838207003422,0.459935950031983
32,32,Ecuador,Tierra Viva,Tierra Viva,Be,N/A,2,"P4, A2, R2, P1, C1, C2, R1, R6, R5, P2, R3, A1, R7","Aumento frontera agrícola, uso de insecticidas y herbicidas, mineria, deforestación, incendios forestales, escorrentias, olas de calor, heladas, mal uso del agua de riego, basura en las quebradas",1496398.78049982,51163.8538310267,Bosque espinoso,Moderado,-78.0818051694035,0.457261541672386
33,33,Ecuador,Tierra Viva,Tierra Viva,Be,N/A,2,"P4, A2, R2, P1, C1, C2, R1, R6, R5, P2, R3, A1, R7","Aumento frontera agrícola, uso de insecticidas y herbicidas, mineria, deforestación, incendios forestales, escorrentias, olas de calor, heladas, mal uso del agua de riego, basura en las quebradas",1496190.83225161,50903.7691060893,Bosque espinoso,Moderado,-78.0836541496857,0.454939430655295
34,34,Ecuador,Tierra Viva,Tierra Viva,Be,N/A,2,"P4, A2, R2, P1, C1, C2, R1, R6, R5, P2, R3, A1, R7","Aumento frontera agrícola, uso de insecticidas y herbicidas, mineria, deforestación, incendios forestales, escorrentias, olas de calor, heladas, mal uso del agua de riego, basura en las quebradas",1496021.54501421,51257.6329037437,Bosque espinoso,Moderado,-78.0851531055831,0.458103892926862
35,35,Ecuador,Tierra Viva,Tierra Viva,Be,N/A,2,"P4, A2, R2, P1, C1, C2, R1, R6, R5, P2, R3, A1, R7","Aumento frontera agrícola, uso de insecticidas y herbicidas, mineria, deforestación, incendios forestales, escorrentias, olas de calor, heladas, mal uso del agua de riego, basura en las quebradas",1496266.653373,50274.9113447789,Bosque espinoso,Moderado,-78.0829879470633,0.44931834635664
36,36,Ecuador,Tierra Viva,Tierra Viva,Be,N/A,2,"P4, A2, R2, P1, C1, C2, R1, R6, R5, P2, R3, A1, R7","Aumento frontera agrícola, uso de insecticidas y herbicidas, mineria, deforestación, incendios forestales, escorrentias, olas de calor, heladas, mal uso del agua de riego, basura en las quebradas",1496351.24223115,50139.9069114804,Bosque espinoso,Moderado,-78.0822384691146,0.448110854174109
37,37,Ecuador,Tierra Viva,Tierra Viva,Be,N/A,2,"P4, A2, R2, P1, C1, C2, R1, R6, R5, P2, R3, A1, R7","Aumento frontera agrícola, uso de insecticidas y herbicidas, mineria, deforestación, incendios forestales, escorrentias, olas de calor, heladas, mal uso del agua de riego, basura en las quebradas",1497547.00992619,50337.0556617206,Bosque espinoso,Moderado,-78.0716208648441,0.449859635958524
38,38,Ecuador,Tierra Viva,Tierra Viva,Be,N/A,2,"P4, A2, R2, P1, C1, C2, R1, R6, R5, P2, R3, A1, R7","Aumento frontera agrícola, uso de insecticidas y herbicidas, mineria, deforestación, incendios forestales, escorrentias, olas de calor, heladas, mal uso del agua de riego, basura en las quebradas",1497705.46032439,51157.2474182452,Bosque espinoso,Moderado,-78.0702051842764,0.457187864378118
39,39,Ecuador,Tierra Viva,Tierra Viva,Be,N/A,2,"P4, A2, R2, P1, C1, C2, R1, R6, R5, P2, R3, A1, R7","Aumento frontera agrícola, uso de insecticidas y herbicidas, mineria, deforestación, incendios forestales, escorrentias, olas de calor, heladas, mal uso del agua de riego, basura en las quebradas",1497442.0695001,51739.2971429301,Bosque espinoso,Moderado,-78.0725368934516,0.462392572061666
40,40,Ecuador,Tierra Viva,Tierra Viva,Be,N/A,2,"P4, A2, R2, P1, C1, C2, R1, R6, R5, P2, R3, A1, R7","Aumento frontera agrícola, uso de insecticidas y herbicidas, mineria, deforestación, incendios forestales, escorrentias, olas de calor, heladas, mal uso del agua de riego, basura en las quebradas",1496988.44179233,50681.131846618,Bosque espinoso,Moderado,-78.0765757468387,0.452940822906332
41,41,Ecuador,Tierra Viva,Tierra Viva,Be,N/A,2,"P4, A2, R2, P1, C1, C2, R1, R6, R5, P2, R3, A1, R7","Aumento frontera agrícola, uso de insecticidas y herbicidas, mineria, deforestación, incendios forestales, escorrentias, olas de calor, heladas, mal uso del agua de riego, basura en las quebradas",1497222.3845194,51138.0057336433,Bosque espinoso,Moderado,-78.0744938636493,0.457021313731185
42,42,Ecuador,Tierra Viva,Tierra Viva,Be,N/A,2,"P4, A2, R2, P1, C1, C2, R1, R6, R5, P2, R3, A1, R7","Aumento frontera agrícola, uso de insecticidas y herbicidas, mineria, deforestación, incendios forestales, escorrentias, olas de calor, heladas, mal uso del agua de riego, basura en las quebradas",1496538.07213461,50769.0926571093,Bosque espinoso,Moderado,-78.0805729625642,0.453731938473336
43,43,Ecuador,Tierra Viva,Tierra Viva,Be,N/A,2,"P4, A2, R2, P1, C1, C2, R1, R6, R5, P2, R3, A1, R7","Aumento frontera agrícola, uso de insecticidas y herbicidas, mineria, deforestación, incendios forestales, escorrentias, olas de calor, heladas, mal uso del agua de riego, basura en las quebradas",1496923.17640116,50359.5811852918,Bosque espinoso,Moderado,-78.0771586741312,0.450067824264557
44,44,Ecuador,Tierra Viva,Tierra Viva,Be,N/A,2,"P4, A2, R2, P1, C1, C2, R1, R6, R5, P2, R3, A1, R7","Aumento frontera agrícola, uso de insecticidas y herbicidas, mineria, deforestación, incendios forestales, escorrentias, olas de calor, heladas, mal uso del agua de riego, basura en las quebradas",1497509.03184183,50705.0735362468,Bosque espinoso,Moderado,-78.0719539661556,0.45314901121482
45,45,Ecuador,Tierra Viva,Tierra Viva,Be,N/A,2,"P4, A2, R2, P1, C1, C2, R1, R6, R5, P2, R3, A1, R7","Aumento frontera agrícola, uso de insecticidas y herbicidas, mineria, deforestación, incendios forestales, escorrentias, olas de calor, heladas, mal uso del agua de riego, basura en las quebradas",1499678.17141995,52072.1870426064,Bosque espinoso,Moderado,-78.0526828370409,0.465342067614165
46,46,Ecuador,Tierra Viva,Tierra Viva,Be,N/A,2,"P4, A2, R2, P1, C1, C2, R1, R6, R5, P2, R3, A1, R7","Aumento frontera agrícola, uso de insecticidas y herbicidas, mineria, deforestación, incendios forestales, escorrentias, olas de calor, heladas, mal uso del agua de riego, basura en las quebradas",1499448.43519879,52617.7862838575,Bosque espinoso,Moderado,-78.0547159733346,0.470220452423129
47,47,Ecuador,Tierra Viva,Tierra Viva,Be,N/A,2,"P4, A2, R2, P1, C1, C2, R1, R6, R5, P2, R3, A1, R7","Aumento frontera agrícola, uso de insecticidas y herbicidas, mineria, deforestación, incendios forestales, escorrentias, olas de calor, heladas, mal uso del agua de riego, basura en las quebradas",1500105.56713725,52264.5254026016,Bosque espinoso,Moderado,-78.0488867003946,0.467055990152643
48,48,Ecuador,Tierra Viva,Tierra Viva,Be,N/A,2,"P4, A2, R2, P1, C1, C2, R1, R6, R5, P2, R3, A1, R7","Aumento frontera agrícola, uso de insecticidas y herbicidas, mineria, deforestación, incendios forestales, escorrentias, olas de calor, heladas, mal uso del agua de riego, basura en las quebradas",1501006.21644974,52228.4069328753,Bosque espinoso,Moderado,-78.0408922689329,0.466722888862911
49,49,Ecuador,Tierra Viva,Tierra Viva,Be,N/A,2,"P4, A2, R2, P1, C1, C2, R1, R6, R5, P2, R3, A1, R7","Aumento frontera agrícola, uso de insecticidas y herbicidas, mineria, deforestación, incendios forestales, escorrentias, olas de calor, heladas, mal uso del agua de riego, basura en las quebradas",1501194.57056179,51660.1936424802,Bosque espinoso,Moderado,-78.0392267623765,0.461643094163558
50,50,Ecuador,Tierra Viva,Tierra Viva,Be,N/A,2,"P4, A2, R2, P1, C1, C2, R1, R6, R5, P2, R3, A1, R7","Aumento frontera agrícola, uso de insecticidas y herbicidas, mineria, deforestación, incendios forestales, escorrentias, olas de calor, heladas, mal uso del agua de riego, basura en las quebradas",1500932.6800307,51035.4960808061,Bosque espinoso,Moderado,-78.0415584715517,0.456063647525491
51,51,Ecuador,Tierra Viva,Tierra Viva,Be,N/A,2,"P4, A2, R2, P1, C1, C2, R1, R6, R5, P2, R3, A1, R7","Aumento frontera agrícola, uso de insecticidas y herbicidas, mineria, deforestación, incendios forestales, escorrentias, olas de calor, heladas, mal uso del agua de riego, basura en las quebradas",1500539.43146156,50419.9626745917,Bosque espinoso,Moderado,-78.0450560353148,0.450567476210102
52,52,Ecuador,Tierra Viva,Tierra Viva,Be,N/A,2,"P4, A2, R2, P1, C1, C2, R1, R6, R5, P2, R3, A1, R7","Aumento frontera agrícola, uso de insecticidas y herbicidas, mineria, deforestación, incendios forestales, escorrentias, olas de calor, heladas, mal uso del agua de riego, basura en las quebradas",1500641.94049966,50969.8995803861,Bosque espinoso,Moderado,-78.0441400067112,0.455480720264214
53,53,Ecuador,Tierra Viva,Tierra Viva,Be,N/A,2,"P4, A2, R2, P1, C1, C2, R1, R6, R5, P2, R3, A1, R7","Aumento frontera agrícola, uso de insecticidas y herbicidas, mineria, deforestación, incendios forestales, escorrentias, olas de calor, heladas, mal uso del agua de riego, basura en las quebradas",1500154.33717529,50792.2334642613,Bosque espinoso,Moderado,-78.0484703237522,0.453898489127139
54,54,Ecuador,Tierra Viva,Tierra Viva,Be,N/A,2,"P4, A2, R2, P1, C1, C2, R1, R6, R5, P2, R3, A1, R7","Aumento frontera agrícola, uso de insecticidas y herbicidas, mineria, deforestación, incendios forestales, escorrentias, olas de calor, heladas, mal uso del agua de riego, basura en las quebradas",1499909.87813223,51229.9046515528,Bosque espinoso,Moderado,-78.0506354822738,0.457812429305097
55,55,Ecuador,Tierra Viva,Tierra Viva,Be,N/A,2,"P4, A2, R2, P1, C1, C2, R1, R6, R5, P2, R3, A1, R7","Aumento frontera agrícola, uso de insecticidas y herbicidas, mineria, deforestación, incendios forestales, escorrentias, olas de calor, heladas, mal uso del agua de riego, basura en las quebradas",1499431.13791395,51471.5841884719,Bosque espinoso,Moderado,-78.054882523987,0.45997758770065
56,56,Ecuador,Tierra Viva,Tierra Viva,Be,N/A,2,"P4, A2, R2, P1, C1, C2, R1, R6, R5, P2, R3, A1, R7","Aumento frontera agrícola, uso de insecticidas y herbicidas, mineria, deforestación, incendios forestales, escorrentias, olas de calor, heladas, mal uso del agua de riego, basura en las quebradas",1499280.54550368,51862.7708720532,Bosque espinoso,Moderado,-78.056214929231,0.463475151264073
57,57,Ecuador,Tierra Viva,Tierra Viva,Be,N/A,2,"P4, A2, R2, P1, C1, C2, R1, R6, R5, P2, R3, A1, R7","Aumento frontera agrícola, uso de insecticidas y herbicidas, mineria, deforestación, incendios forestales, escorrentias, olas de calor, heladas, mal uso del agua de riego, basura en las quebradas",1500584.72367617,51706.0129525636,Bosque espinoso,Moderado,-78.0446396586795,0.462059470776909
58,58,Ecuador,Tierra Viva,Tierra Viva,Be,N/A,2,"P4, A2, R2, P1, C1, C2, R1, R6, R5, P2, R3, A1, R7","Aumento frontera agrícola, uso de insecticidas y herbicidas, mineria, deforestación, incendios forestales, escorrentias, olas de calor, heladas, mal uso del agua de riego, basura en las quebradas",1500143.86516029,51658.8592387011,Bosque espinoso,Moderado,-78.0485535990822,0.461643094161179
59,59,Ecuador,Tierra Viva,Tierra Viva,Be,N/A,2,"P4, A2, R2, P1, C1, C2, R1, R6, R5, P2, R3, A1, R7","Aumento frontera agrícola, uso de insecticidas y herbicidas, mineria, deforestación, incendios forestales, escorrentias, olas de calor, heladas, mal uso del agua de riego, basura en las quebradas",1505084.63071193,51592.8946124561,Bosque espinoso,Moderado,-78.0046986344824,0.460997504541371
60,60,Ecuador,Tierra Viva,Tierra Viva,Be,N/A,2,"P4, A2, R2, P1, C1, C2, R1, R6, R5, P2, R3, A1, R7","Aumento frontera agrícola, uso de insecticidas y herbicidas, mineria, deforestación, incendios forestales, escorrentias, olas de calor, heladas, mal uso del agua de riego, basura en las quebradas",1505212.0760985,50025.013478713,Bosque espinoso,Moderado,-78.0035849220708,0.446986637333759
61,61,Ecuador,Tierra Viva,Tierra Viva,Be,N/A,2,"P4, A2, R2, P1, C1, C2, R1, R6, R5, P2, R3, A1, R7","Aumento frontera agrícola, uso de insecticidas y herbicidas, mineria, deforestación, incendios forestales, escorrentias, olas de calor, heladas, mal uso del agua de riego, basura en las quebradas",1505436.86077696,50342.1681963559,Bosque espinoso,Moderado,-78.0015863142027,0.449817998314538
62,62,Ecuador,Tierra Viva,Tierra Viva,Be,N/A,2,"P4, A2, R2, P1, C1, C2, R1, R6, R5, P2, R3, A1, R7","Aumento frontera agrícola, uso de insecticidas y herbicidas, mineria, deforestación, incendios forestales, escorrentias, olas de calor, heladas, mal uso del agua de riego, basura en las quebradas",1505004.7601938,50751.7027881892,Bosque espinoso,Moderado,-78.0054169792858,0.453482112523317
63,63,Ecuador,Tierra Viva,Tierra Viva,Be,N/A,2,"P4, A2, R2, P1, C1, C2, R1, R6, R5, P2, R3, A1, R7","Aumento frontera agrícola, uso de insecticidas y herbicidas, mineria, deforestación, incendios forestales, escorrentias, olas de calor, heladas, mal uso del agua de riego, basura en las quebradas",1505595.65115367,50910.8825282847,Bosque espinoso,Moderado,-78.0001706336302,0.45489779301482
64,64,Ecuador,Tierra Viva,Tierra Viva,Be,N/A,2,"P4, A2, R2, P1, C1, C2, R1, R6, R5, P2, R3, A1, R7","Aumento frontera agrícola, uso de insecticidas y herbicidas, mineria, deforestación, incendios forestales, escorrentias, olas de calor, heladas, mal uso del agua de riego, basura en las quebradas",1505529.08900827,51609.7938487749,Bosque espinoso,Moderado,-78.0007535609273,0.461143442235849
65,65,Ecuador,Tierra Viva,Tierra Viva,Be,N/A,2,"P4, A2, R2, P1, C1, C2, R1, R6, R5, P2, R3, A1, R7","Aumento frontera agrícola, uso de insecticidas y herbicidas, mineria, deforestación, incendios forestales, escorrentias, olas de calor, heladas, mal uso del agua de riego, basura en las quebradas",1504937.28439798,52168.227484074,Bosque espinoso,Moderado,-78.0059999065846,0.466139961611392
66,66,Ecuador,Tierra Viva,Tierra Viva,Be,N/A,2,"P4, A2, R2, P1, C1, C2, R1, R6, R5, P2, R3, A1, R7","Aumento frontera agrícola, uso de insecticidas y herbicidas, mineria, deforestación, incendios forestales, escorrentias, olas de calor, heladas, mal uso del agua de riego, basura en las quebradas",1505266.87902913,51218.0249298594,Bosque espinoso,Moderado,-78.0030852701067,0.45764587867137
67,67,Ecuador,Tierra Viva,Tierra Viva,Be,N/A,2,"P4, A2, R2, P1, C1, C2, R1, R6, R5, P2, R3, A1, R7","Aumento frontera agrícola, uso de insecticidas y herbicidas, mineria, deforestación, incendios forestales, escorrentias, olas de calor, heladas, mal uso del agua de riego, basura en las quebradas",1505063.27786136,49301.1335720572,Bosque espinoso,Moderado,-78.0049134932081,0.440520204484329
68,68,Ecuador,Tierra Viva,Tierra Viva,Be,N/A,2,"P4, A2, R2, P1, C1, C2, R1, R6, R5, P2, R3, A1, R7","Aumento frontera agrícola, uso de insecticidas y herbicidas, mineria, deforestación, incendios forestales, escorrentias, olas de calor, heladas, mal uso del agua de riego, basura en las quebradas",1505099.90087179,49689.3608824667,Bosque espinoso,Moderado,-78.0045842260044,0.443988725707344
69,69,Ecuador,Tierra Viva,Tierra Viva,Be,N/A,2,"P4, A2, R2, P1, C1, C2, R1, R6, R5, P2, R3, A1, R7","Aumento frontera agrícola, uso de insecticidas y herbicidas, mineria, deforestación, incendios forestales, escorrentias, olas de calor, heladas, mal uso del agua de riego, basura en las quebradas",1505232.54368348,48627.0590894223,Bosque espinoso,Moderado,-78.0034183714115,0.434495338891446
70,70,Ecuador,Tierra Viva,Tierra Viva,Be,N/A,2,"P4, A2, R2, P1, C1, C2, R1, R6, R5, P2, R3, A1, R7","Aumento frontera agrícola, uso de insecticidas y herbicidas, mineria, deforestación, incendios forestales, escorrentias, olas de calor, heladas, mal uso del agua de riego, basura en las quebradas",1504913.20713601,48906.2694078456,Bosque espinoso,Moderado,-78.0062497325596,0.436993598579212
71,71,Ecuador,Tierra Viva,Tierra Viva,Be,N/A,2,"P4, A2, R2, P1, C1, C2, R1, R6, R5, P2, R3, A1, R7","Aumento frontera agrícola, uso de insecticidas y herbicidas, mineria, deforestación, incendios forestales, escorrentias, olas de calor, heladas, mal uso del agua de riego, basura en las quebradas",1507405.46367674,48097.3789551458,Bosque espinoso,Moderado,-77.9841383427262,0.429739429525434
72,72,Ecuador,Tierra Viva,Tierra Viva,Be,N/A,2,"P4, A2, R2, P1, C1, C2, R1, R6, R5, P2, R3, A1, R7","Aumento frontera agrícola, uso de insecticidas y herbicidas, mineria, deforestación, incendios forestales, escorrentias, olas de calor, heladas, mal uso del agua de riego, basura en las quebradas",1507653.12626409,48751.1347811825,Bosque espinoso,Moderado,-77.9819333368112,0.435577918095177
73,73,Ecuador,Tierra Viva,Tierra Viva,Be,N/A,2,"P4, A2, R2, P1, C1, C2, R1, R6, R5, P2, R3, A1, R7","Aumento frontera agrícola, uso de insecticidas y herbicidas, mineria, deforestación, incendios forestales, escorrentias, olas de calor, heladas, mal uso del agua de riego, basura en las quebradas",1507362.50275266,48545.7363195032,Bosque espinoso,Moderado,-77.9845148719769,0.433745860989623
74,74,Ecuador,Tierra Viva,Tierra Viva,Be,N/A,2,"P4, A2, R2, P1, C1, C2, R1, R6, R5, P2, R3, A1, R7","Aumento frontera agrícola, uso de insecticidas y herbicidas, mineria, deforestación, incendios forestales, escorrentias, olas de calor, heladas, mal uso del agua de riego, basura en las quebradas",1507076.38735462,48494.1310675104,Bosque espinoso,Moderado,-77.9870547694788,0.433287846712745
75,75,Ecuador,Tierra Viva,Tierra Viva,Be,N/A,2,"P4, A2, R2, P1, C1, C2, R1, R6, R5, P2, R3, A1, R7","Aumento frontera agrícola, uso de insecticidas y herbicidas, mineria, deforestación, incendios forestales, escorrentias, olas de calor, heladas, mal uso del agua de riego, basura en las quebradas",1506870.32252837,48195.63615783,Bosque espinoso,Moderado,-77.9888868266924,0.430623036377906
76,76,Ecuador,Tierra Viva,Tierra Viva,Be,N/A,2,"P4, A2, R2, P1, C1, C2, R1, R6, R5, P2, R3, A1, R7","Aumento frontera agrícola, uso de insecticidas y herbicidas, mineria, deforestación, incendios forestales, escorrentias, olas de calor, heladas, mal uso del agua de riego, basura en las quebradas",1506649.9444774,48097.5114819111,Bosque espinoso,Moderado,-77.9908437968982,0.429748645486455
77,77,Ecuador,Tierra Viva,Tierra Viva,Be,N/A,2,"P4, A2, R2, P1, C1, C2, R1, R6, R5, P2, R3, A1, R7","Aumento frontera agrícola, uso de insecticidas y herbicidas, mineria, deforestación, incendios forestales, escorrentias, olas de calor, heladas, mal uso del agua de riego, basura en las quebradas",1506500.58084325,47454.2430967893,Bosque espinoso,Moderado,-77.9921762021432,0.424002648202588
78,78,Ecuador,Tierra Viva,Tierra Viva,Be,N/A,2,"P4, A2, R2, P1, C1, C2, R1, R6, R5, P2, R3, A1, R7","Aumento frontera agrícola, uso de insecticidas y herbicidas, mineria, deforestación, incendios forestales, escorrentias, olas de calor, heladas, mal uso del agua de riego, basura en las quebradas",1506482.19144247,47132.6763011885,Bosque espinoso,Moderado,-77.9923427527983,0.4211296495608
79,79,Ecuador,Tierra Viva,Tierra Viva,Be,N/A,2,"P4, A2, R2, P1, C1, C2, R1, R6, R5, P2, R3, A1, R7","Aumento frontera agrícola, uso de insecticidas y herbicidas, mineria, deforestación, incendios forestales, escorrentias, olas de calor, heladas, mal uso del agua de riego, basura en las quebradas",1506810.2656469,47408.005373987,Bosque espinoso,Moderado,-77.9894281163219,0.423586271588512
80,80,Ecuador,Tierra Viva,Tierra Viva,Be,N/A,2,"P4, A2, R2, P1, C1, C2, R1, R6, R5, P2, R3, A1, R7","Aumento frontera agrícola, uso de insecticidas y herbicidas, mineria, deforestación, incendios forestales, escorrentias, olas de calor, heladas, mal uso del agua de riego, basura en las quebradas",1507030.26723945,47827.6758586118,Bosque espinoso,Moderado,-77.9874711461167,0.427333661121737
81,81,Ecuador,Tierra Viva,Tierra Viva,Be,N/A,2,"P4, A2, R2, P1, C1, C2, R1, R6, R5, P2, R3, A1, R7","Aumento frontera agrícola, uso de insecticidas y herbicidas, mineria, deforestación, incendios forestales, escorrentias, olas de calor, heladas, mal uso del agua de riego, basura en las quebradas",1507240.97154158,48172.7772629176,Bosque espinoso,Moderado,-77.9855974512391,0.430414848071351
82,82,Ecuador,Tierra Viva,Tierra Viva,Be,N/A,2,"P4, A2, R2, P1, C1, C2, R1, R6, R5, P2, R3, A1, R7","Aumento frontera agrícola, uso de insecticidas y herbicidas, mineria, deforestación, incendios forestales, escorrentias, olas de calor, heladas, mal uso del agua de riego, basura en las quebradas",1506720.71266858,47762.068219257,Bosque espinoso,Moderado,-77.990219231938,0.426750733860409
83,83,Ecuador,Tierra Viva,Tierra Viva,Be,N/A,2,"P4, A2, R2, P1, C1, C2, R1, R6, R5, P2, R3, A1, R7","Aumento frontera agrícola, uso de insecticidas y herbicidas, mineria, deforestación, incendios forestales, escorrentias, olas de calor, heladas, mal uso del agua de riego, basura en las quebradas",1507798.77889353,48333.9223025362,Bosque espinoso,Moderado,-77.9806450979886,0.431848686003397
84,84,Ecuador,Tierra Viva,Tierra Viva,Be,N/A,2,"P4, A2, R2, P1, C1, C2, R1, R6, R5, P2, R3, A1, R7","Aumento frontera agrícola, uso de insecticidas y herbicidas, mineria, deforestación, incendios forestales, escorrentias, olas de calor, heladas, mal uso del agua de riego, basura en las quebradas",1509258.96220463,47648.5602406737,Bosque espinoso,Moderado,-77.9676932557249,0.425709792329125
85,85,Ecuador,Tierra Viva,Tierra Viva,Be,N/A,2,"P4, A2, R2, P1, C1, C2, R1, R6, R5, P2, R3, A1, R7","Aumento frontera agrícola, uso de insecticidas y herbicidas, mineria, deforestación, incendios forestales, escorrentias, olas de calor, heladas, mal uso del agua de riego, basura en las quebradas",1509253.82839576,48021.3858219825,Bosque espinoso,Moderado,-77.9677348933898,0.429040805247141
86,86,Ecuador,Tierra Viva,Tierra Viva,Be,N/A,2,"P4, A2, R2, P1, C1, C2, R1, R6, R5, P2, R3, A1, R7","Aumento frontera agrícola, uso de insecticidas y herbicidas, mineria, deforestación, incendios forestales, escorrentias, olas de calor, heladas, mal uso del agua de riego, basura en las quebradas",1508826.66136171,48211.9515752577,Bosque espinoso,Moderado,-77.971523920814,0.430747949366681
87,87,Ecuador,Tierra Viva,Tierra Viva,Be,N/A,2,"P4, A2, R2, P1, C1, C2, R1, R6, R5, P2, R3, A1, R7","Aumento frontera agrícola, uso de insecticidas y herbicidas, mineria, deforestación, incendios forestales, escorrentias, olas de calor, heladas, mal uso del agua de riego, basura en las quebradas",1508713.27809374,48864.2627807363,Bosque espinoso,Moderado,-77.9725232247515,0.436577221972959
88,88,Ecuador,Tierra Viva,Tierra Viva,Be,N/A,2,"P4, A2, R2, P1, C1, C2, R1, R6, R5, P2, R3, A1, R7","Aumento frontera agrícola, uso de insecticidas y herbicidas, mineria, deforestación, incendios forestales, escorrentias, olas de calor, heladas, mal uso del agua de riego, basura en las quebradas",1508427.03526744,48910.5192553063,Bosque espinoso,Moderado,-77.9750631222549,0.436993598587061
89,89,Ecuador,Tierra Viva,Tierra Viva,Be,N/A,2,"P4, A2, R2, P1, C1, C2, R1, R6, R5, P2, R3, A1, R7","Aumento frontera agrícola, uso de insecticidas y herbicidas, mineria, deforestación, incendios forestales, escorrentias, olas de calor, heladas, mal uso del agua de riego, basura en las quebradas",1507920.48490301,48798.0598732367,Bosque espinoso,Moderado,-77.9795599899647,0.435994294710512
90,90,Ecuador,Tierra Viva,Tierra Viva,Be,N/A,2,"P4, A2, R2, P1, C1, C2, R1, R6, R5, P2, R3, A1, R7","Aumento frontera agrícola, uso de insecticidas y herbicidas, mineria, deforestación, incendios forestales, escorrentias, olas de calor, heladas, mal uso del agua de riego, basura en las quebradas",1507635.40809217,47874.9941375081,Bosque espinoso,Moderado,-77.9820998874649,0.427750037737823
91,91,Ecuador,Tierra Viva,Tierra Viva,Be,N/A,2,"P4, A2, R2, P1, C1, C2, R1, R6, R5, P2, R3, A1, R7","Aumento frontera agrícola, uso de insecticidas y herbicidas, mineria, deforestación, incendios forestales, escorrentias, olas de calor, heladas, mal uso del agua de riego, basura en las quebradas",1508146.68279099,47959.4849848236,Bosque espinoso,Moderado,-77.9775613820915,0.428499515645512
92,92,Ecuador,Tierra Viva,Tierra Viva,Be,N/A,2,"P4, A2, R2, P1, C1, C2, R1, R6, R5, P2, R3, A1, R7","Aumento frontera agrícola, uso de insecticidas y herbicidas, mineria, deforestación, incendios forestales, escorrentias, olas de calor, heladas, mal uso del agua de riego, basura en las quebradas",1508483.71679766,48593.6870662526,Bosque espinoso,Moderado,-77.9745634702862,0.434162237606867
93,93,Ecuador,Tierra Viva,Tierra Viva,Be,N/A,2,"P4, A2, R2, P1, C1, C2, R1, R6, R5, P2, R3, A1, R7","Aumento frontera agrícola, uso de insecticidas y herbicidas, mineria, deforestación, incendios forestales, escorrentias, olas de calor, heladas, mal uso del agua de riego, basura en las quebradas",1508253.98727744,48462.9226994877,Bosque espinoso,Moderado,-77.9766037158212,0.432996383085052
94,94,Ecuador,Tierra Viva,Tierra Viva,Be,N/A,2,"P4, A2, R2, P1, C1, C2, R1, R6, R5, P2, R3, A1, R7","Aumento frontera agrícola, uso de insecticidas y herbicidas, mineria, deforestación, incendios forestales, escorrentias, olas de calor, heladas, mal uso del agua de riego, basura en las quebradas",1508554.70433577,48081.1378808378,Bosque espinoso,Moderado,-77.9739389053251,0.429582094844751
95,95,Ecuador,Tierra Viva,Tierra Viva,Be,N/A,2,"P4, A2, R2, P1, C1, C2, R1, R6, R5, P2, R3, A1, R7","Aumento frontera agrícola, uso de insecticidas y herbicidas, mineria, deforestación, incendios forestales, escorrentias, olas de calor, heladas, mal uso del agua de riego, basura en las quebradas",1504130.53546114,50920.8288433245,Bosque espinoso,Moderado,-78.0131745946192,0.455003120882613
96,96,Ecuador,Tierra Viva,Tierra Viva,Be,N/A,2,"P4, A2, R2, P1, C1, C2, R1, R6, R5, P2, R3, A1, R7","Aumento frontera agrícola, uso de insecticidas y herbicidas, mineria, deforestación, incendios forestales, escorrentias, olas de calor, heladas, mal uso del agua de riego, basura en las quebradas",1502254.67292376,51670.860593844,Bosque espinoso,Moderado,-78.0298166503396,0.46172636948892
97,97,Ecuador,Tierra Viva,Tierra Viva,Be,N/A,2,"P4, A2, R2, P1, C1, C2, R1, R6, R5, P2, R3, A1, R7","Aumento frontera agrícola, uso de insecticidas y herbicidas, mineria, deforestación, incendios forestales, escorrentias, olas de calor, heladas, mal uso del agua de riego, basura en las quebradas",1502048.90209575,51176.6847241494,Bosque espinoso,Moderado,-78.0316487075493,0.457312777372211
98,98,Ecuador,Tierra Viva,Tierra Viva,Be,N/A,2,"P4, A2, R2, P1, C1, C2, R1, R6, R5, P2, R3, A1, R7","Aumento frontera agrícola, uso de insecticidas y herbicidas, mineria, deforestación, incendios forestales, escorrentias, olas de calor, heladas, mal uso del agua de riego, basura en las quebradas",1502068.36594809,50617.5609547839,Bosque espinoso,Moderado,-78.0314821568923,0.452316257995395
99,99,Ecuador,Tierra Viva,Tierra Viva,Be,N/A,2,"P4, A2, R2, P1, C1, C2, R1, R6, R5, P2, R3, A1, R7","Aumento frontera agrícola, uso de insecticidas y herbicidas, mineria, deforestación, incendios forestales, escorrentias, olas de calor, heladas, mal uso del agua de riego, basura en las quebradas",1501909.60572181,50030.2597465549,Bosque espinoso,Moderado,-78.0328978374629,0.447069912649325
100,100,Ecuador,Tierra Viva,Tierra Viva,Be,N/A,2,"P4, A2, R2, P1, C1, C2, R1, R6, R5, P2, R3, A1, R7","Aumento frontera agrícola, uso de insecticidas y herbicidas, mineria, deforestación, incendios forestales, escorrentias, olas de calor, heladas, mal uso del agua de riego, basura en las quebradas",1501740.72573073,50039.3708592722,Bosque espinoso,Moderado,-78.0343967933627,0.447153187971901
101,101,Ecuador,Tierra Viva,Tierra Viva,Be,N/A,2,"P4, A2, R2, P1, C1, C2, R1, R6, R5, P2, R3, A1, R7","Aumento frontera agrícola, uso de insecticidas y herbicidas, mineria, deforestación, incendios forestales, escorrentias, olas de calor, heladas, mal uso del agua de riego, basura en las quebradas",1502678.78955336,50124.4001045016,Bosque espinoso,Moderado,-78.0260692605853,0.447902665880531
102,102,Ecuador,Tierra Viva,Tierra Viva,Be,N/A,2,"P4, A2, R2, P1, C1, C2, R1, R6, R5, P2, R3, A1, R7","Aumento frontera agrícola, uso de insecticidas y herbicidas, mineria, deforestación, incendios forestales, escorrentias, olas de calor, heladas, mal uso del agua de riego, basura en las quebradas",1502780.79262316,51084.4141130784,Bosque espinoso,Moderado,-78.025153231982,0.456480024144376
103,103,Ecuador,Tierra Viva,Tierra Viva,Be,N/A,2,"P4, A2, R2, P1, C1, C2, R1, R6, R5, P2, R3, A1, R7","Aumento frontera agrícola, uso de insecticidas y herbicidas, mineria, deforestación, incendios forestales, escorrentias, olas de calor, heladas, mal uso del agua de riego, basura en las quebradas",1503736.43045408,52120.0842322795,Bosque espinoso,Moderado,-78.0166591485483,0.465723584993856
104,104,Ecuador,Tierra Viva,Tierra Viva,Be,N/A,2,"P4, A2, R2, P1, C1, C2, R1, R6, R5, P2, R3, A1, R7","Aumento frontera agrícola, uso de insecticidas y herbicidas, mineria, deforestación, incendios forestales, escorrentias, olas de calor, heladas, mal uso del agua de riego, basura en las quebradas",1503117.00730289,52287.0372333054,Bosque espinoso,Moderado,-78.0221553201845,0.467222540805467
105,105,Ecuador,Tierra Viva,Tierra Viva,Be,N/A,2,"P4, A2, R2, P1, C1, C2, R1, R6, R5, P2, R3, A1, R7","Aumento frontera agrícola, uso de insecticidas y herbicidas, mineria, deforestación, incendios forestales, escorrentias, olas de calor, heladas, mal uso del agua de riego, basura en las quebradas",1503625.10402139,51132.0745880718,Bosque espinoso,Moderado,-78.0176584524796,0.456896400761048
106,106,Ecuador,Tierra Viva,Tierra Viva,Be,N/A,2,"P4, A2, R2, P1, C1, C2, R1, R6, R5, P2, R3, A1, R7","Aumento frontera agrícola, uso de insecticidas y herbicidas, mineria, deforestación, incendios forestales, escorrentias, olas de calor, heladas, mal uso del agua de riego, basura en las quebradas",1503841.88145184,50340.1865522885,Bosque espinoso,Moderado,-78.0157431199375,0.449817998310925
107,107,Ecuador,Tierra Viva,Tierra Viva,Be,N/A,2,"P4, A2, R2, P1, C1, C2, R1, R6, R5, P2, R3, A1, R7","Aumento frontera agrícola, uso de insecticidas y herbicidas, mineria, deforestación, incendios forestales, escorrentias, olas de calor, heladas, mal uso del agua de riego, basura en las quebradas",1504104.76449992,50191.3992579782,Bosque espinoso,Moderado,-78.0134114107579,0.448485593144352
108,108,Ecuador,Tierra Viva,Tierra Viva,Be,N/A,2,"P4, A2, R2, P1, C1, C2, R1, R6, R5, P2, R3, A1, R7","Aumento frontera agrícola, uso de insecticidas y herbicidas, mineria, deforestación, incendios forestales, escorrentias, olas de calor, heladas, mal uso del agua de riego, basura en las quebradas",1503213.38161987,50264.8513533089,Bosque espinoso,Moderado,-78.0213225669011,0.44915179572594
109,109,Ecuador,Tierra Viva,Tierra Viva,Be,N/A,2,"P4, A2, R2, P1, C1, C2, R1, R6, R5, P2, R3, A1, R7","Aumento frontera agrícola, uso de insecticidas y herbicidas, mineria, deforestación, incendios forestales, escorrentias, olas de calor, heladas, mal uso del agua de riego, basura en las quebradas",1503071.15825882,51457.5543269257,Bosque espinoso,Moderado,-78.0225716968213,0.459811037062978
110,110,Ecuador,Tierra Viva,Tierra Viva,Be,N/A,2,"P4, A2, R2, P1, C1, C2, R1, R6, R5, P2, R3, A1, R7","Aumento frontera agrícola, uso de insecticidas y herbicidas, mineria, deforestación, incendios forestales, escorrentias, olas de calor, heladas, mal uso del agua de riego, basura en las quebradas",1503287.78698356,50786.8309351232,Bosque espinoso,Moderado,-78.02065636428,0.453815213811204
111,111,Ecuador,Tierra Viva,Tierra Viva,Be,N/A,2,"P4, A2, R2, P1, C1, C2, R1, R6, R5, P2, R3, A1, R7","Aumento frontera agrícola, uso de insecticidas y herbicidas, mineria, deforestación, incendios forestales, escorrentias, olas de calor, heladas, mal uso del agua de riego, basura en las quebradas",1502668.78331,50627.6286381911,Bosque espinoso,Moderado,-78.0261525359144,0.452399533319689
112,112,Ecuador,Tierra Viva,Tierra Viva,Be,N/A,2,"P4, A2, R2, P1, C1, C2, R1, R6, R5, P2, R3, A1, R7","Aumento frontera agrícola, uso de insecticidas y herbicidas, mineria, deforestación, incendios forestales, escorrentias, olas de calor, heladas, mal uso del agua de riego, basura en las quebradas",1507964.73135159,49168.1477110847,Bosque espinoso,Moderado,-77.9791633146073,0.439300421216839
113,113,Ecuador,Tierra Viva,Tierra Viva,Be,N/A,2,"P4, A2, R2, P1, C1, C2, R1, R6, R5, P2, R3, A1, R7","Aumento frontera agrícola, uso de insecticidas y herbicidas, mineria, deforestación, incendios forestales, escorrentias, olas de calor, heladas, mal uso del agua de riego, basura en las quebradas",1508309.4293539,49171.3528342146,Bosque espinoso,Moderado,-77.9761040638552,0.43932530762942
114,114,Ecuador,Tierra Viva,Tierra Viva,Be,N/A,2,"P4, A2, R2, P1, C1, C2, R1, R6, R5, P2, R3, A1, R7","Aumento frontera agrícola, uso de insecticidas y herbicidas, mineria, deforestación, incendios forestales, escorrentias, olas de calor, heladas, mal uso del agua de riego, basura en las quebradas",1508126.43668925,49189.7710480672,Bosque espinoso,Moderado,-77.9777279327506,0.43949185827489
115,115,Ecuador,Tierra Viva,Tierra Viva,Be,N/A,2,"P4, A2, R2, P1, C1, C2, R1, R6, R5, P2, R3, A1, R7","Aumento frontera agrícola, uso de insecticidas y herbicidas, mineria, deforestación, incendios forestales, escorrentias, olas de calor, heladas, mal uso del agua de riego, basura en las quebradas",1508544.04716746,49139.0164147459,Bosque espinoso,Moderado,-77.9740221806558,0.439033843999615
116,116,Ecuador,Tierra Viva,Tierra Viva,Rv,N/A,2,"P3, R1, R5, R4, P1, A1, P2","Tala, quemas, contaminación fuentes hídricas",1495596.12465322,53471.146861928,Riveras del río,Moderado,-78.0889047214888,0.477891644460289
117,117,Ecuador,Tierra Viva,Tierra Viva,Rv,N/A,2,"P3, R1, R5, R4, P1, A1, P2","Tala, quemas, contaminación fuentes hídricas",1496196.98228967,53433.5583195749,Riveras del río,Moderado,-78.0835708743645,0.477548680834988
118,118,Ecuador,Tierra Viva,Tierra Viva,Rv,N/A,2,"P3, R1, R5, R4, P1, A1, P2","Tala, quemas, contaminación fuentes hídricas",1496759.7583246,53466.9072904152,Riveras del río,Moderado,-78.0785743547085,0.477840144466574
119,119,Ecuador,Tierra Viva,Tierra Viva,Be,N/A,2,"P4, A2, R2, P1, C1, C2, R1, R6, R5, P2, R3, A1, R7","Aumento frontera agrícola, uso de insecticidas y herbicidas, mineria, deforestación, incendios forestales, escorrentias, olas de calor, heladas, mal uso del agua de riego, basura en las quebradas",1504077.3569287,47474.1703889928,Bosque espinoso,Moderado,-78.0136837301989,0.424206083116547
120,120,Ecuador,Tierra Viva,Tierra Viva,Be,N/A,2,"P4, A2, R2, P1, C1, C2, R1, R6, R5, P2, R3, A1, R7","Aumento frontera agrícola, uso de insecticidas y herbicidas, mineria, deforestación, incendios forestales, escorrentias, olas de calor, heladas, mal uso del agua de riego, basura en las quebradas",1504144.81284681,48113.1748773807,Bosque espinoso,Moderado,-78.0130783094412,0.429915196126888
121,121,Ecuador,Tierra Viva,Tierra Viva,Be,N/A,2,"P4, A2, R2, P1, C1, C2, R1, R6, R5, P2, R3, A1, R7","Aumento frontera agrícola, uso de insecticidas y herbicidas, mineria, deforestación, incendios forestales, escorrentias, olas de calor, heladas, mal uso del agua de riego, basura en las quebradas",1503788.48066632,47954.3199966519,Bosque espinoso,Moderado,-78.0162427718984,0.428499515636008
122,122,Ecuador,Tierra Viva,Tierra Viva,Be,N/A,2,"P4, A2, R2, P1, C1, C2, R1, R6, R5, P2, R3, A1, R7","Aumento frontera agrícola, uso de insecticidas y herbicidas, mineria, deforestación, incendios forestales, escorrentias, olas de calor, heladas, mal uso del agua de riego, basura en las quebradas",1503695.27389516,47432.3172139077,Bosque espinoso,Moderado,-78.0170755251754,0.423836097550693
123,123,Ecuador,Tierra Viva,Tierra Viva,Be,N/A,2,"P4, A2, R2, P1, C1, C2, R1, R6, R5, P2, R3, A1, R7","Aumento frontera agrícola, uso de insecticidas y herbicidas, mineria, deforestación, incendios forestales, escorrentias, olas de calor, heladas, mal uso del agua de riego, basura en las quebradas",1503573.76332041,47040.7568657213,Bosque espinoso,Moderado,-78.0181581044361,0.420338533986608
124,124,Ecuador,Tierra Viva,Tierra Viva,Be,N/A,2,"P4, A2, R2, P1, C1, C2, R1, R6, R5, P2, R3, A1, R7","Aumento frontera agrícola, uso de insecticidas y herbicidas, mineria, deforestación, incendios forestales, escorrentias, olas de calor, heladas, mal uso del agua de riego, basura en las quebradas",1503968.07980873,46808.2249557158,Bosque espinoso,Moderado,-78.0146605406669,0.418256650913707
125,125,Ecuador,Tierra Viva,Tierra Viva,Be,N/A,2,"P4, A2, R2, P1, C1, C2, R1, R6, R5, P2, R3, A1, R7","Aumento frontera agrícola, uso de insecticidas y herbicidas, mineria, deforestación, incendios forestales, escorrentias, olas de calor, heladas, mal uso del agua de riego, basura en las quebradas",1504239.6864707,47218.6024984125,Bosque espinoso,Moderado,-78.0122455561607,0.421920765124026
126,126,Ecuador,Tierra Viva,Tierra Viva,Be,N/A,2,"P4, A2, R2, P1, C1, C2, R1, R6, R5, P2, R3, A1, R7","Aumento frontera agrícola, uso de insecticidas y herbicidas, mineria, deforestación, incendios forestales, escorrentias, olas de calor, heladas, mal uso del agua de riego, basura en las quebradas",1503604.29333852,45625.8456791267,Bosque espinoso,Moderado,-78.0179014653495,0.407695121908112
127,127,Ecuador,Tierra Viva,Tierra Viva,Be,N/A,2,"P4, A2, R2, P1, C1, C2, R1, R6, R5, P2, R3, A1, R7","Aumento frontera agrícola, uso de insecticidas y herbicidas, mineria, deforestación, incendios forestales, escorrentias, olas de calor, heladas, mal uso del agua de riego, basura en las quebradas",1503762.63323047,45969.2305480828,Bosque espinoso,Moderado,-78.0164925978771,0.410761871847918
128,128,Ecuador,Tierra Viva,Tierra Viva,Be,N/A,2,"P4, A2, R2, P1, C1, C2, R1, R6, R5, P2, R3, A1, R7","Aumento frontera agrícola, uso de insecticidas y herbicidas, mineria, deforestación, incendios forestales, escorrentias, olas de calor, heladas, mal uso del agua de riego, basura en las quebradas",1503434.23016222,45996.816696878,Bosque espinoso,Moderado,-78.0194072343508,0.411011697816092
129,129,Ecuador,Tierra Viva,Tierra Viva,Be,N/A,2,"P4, A2, R2, P1, C1, C2, R1, R6, R5, P2, R3, A1, R7","Aumento frontera agrícola, uso de insecticidas y herbicidas, mineria, deforestación, incendios forestales, escorrentias, olas de calor, heladas, mal uso del agua de riego, basura en las quebradas",1502121.35886406,45473.4567846919,Bosque espinoso,Moderado,-78.0310657802409,0.406348279728334
130,130,Ecuador,Tierra Viva,Tierra Viva,Be,N/A,2,"P4, A2, R2, P1, C1, C2, R1, R6, R5, P2, R3, A1, R7","Aumento frontera agrícola, uso de insecticidas y herbicidas, mineria, deforestación, incendios forestales, escorrentias, olas de calor, heladas, mal uso del agua de riego, basura en las quebradas",1502319.19280609,44737.4620446562,Bosque espinoso,Moderado,-78.0293169983558,0.399769529215843
131,131,Ecuador,Tierra Viva,Tierra Viva,Be,N/A,2,"P4, A2, R2, P1, C1, C2, R1, R6, R5, P2, R3, A1, R7","Aumento frontera agrícola, uso de insecticidas y herbicidas, mineria, deforestación, incendios forestales, escorrentias, olas de calor, heladas, mal uso del agua de riego, basura en las quebradas",1503819.70165914,45279.6494454019,Bosque espinoso,Moderado,-78.0159929459085,0.40459949794986
132,132,Ecuador,Tierra Viva,Tierra Viva,Be,N/A,2,"P4, A2, R2, P1, C1, C2, R1, R6, R5, P2, R3, A1, R7","Aumento frontera agrícola, uso de insecticidas y herbicidas, mineria, deforestación, incendios forestales, escorrentias, olas de calor, heladas, mal uso del agua de riego, basura en las quebradas",1502787.20358225,45707.1849742914,Bosque espinoso,Moderado,-78.0251532319687,0.408430162803371
133,133,Ecuador,Tierra Viva,Tierra Viva,Be,N/A,2,"P4, A2, R2, P1, C1, C2, R1, R6, R5, P2, R3, A1, R7","Aumento frontera agrícola, uso de insecticidas y herbicidas, mineria, deforestación, incendios forestales, escorrentias, olas de calor, heladas, mal uso del agua de riego, basura en las quebradas",1503003.73697097,45036.4356056632,Bosque espinoso,Moderado,-78.0232378994278,0.402434339551546
134,134,Ecuador,Tierra Viva,Tierra Viva,Be,N/A,2,"P4, A2, R2, P1, C1, C2, R1, R6, R5, P2, R3, A1, R7","Aumento frontera agrícola, uso de insecticidas y herbicidas, mineria, deforestación, incendios forestales, escorrentias, olas de calor, heladas, mal uso del agua de riego, basura en las quebradas",1503012.74518669,45371.9422808169,Bosque espinoso,Moderado,-78.0231546241008,0.405432251177719
135,135,Ecuador,Tierra Viva,Tierra Viva,Be,N/A,2,"P4, A2, R2, P1, C1, C2, R1, R6, R5, P2, R3, A1, R7","Aumento frontera agrícola, uso de insecticidas y herbicidas, mineria, deforestación, incendios forestales, escorrentias, olas de calor, heladas, mal uso del agua de riego, basura en las quebradas",1502431.30984674,45156.9503972638,Bosque espinoso,Moderado,-78.0283176944234,0.403516918748725
136,136,Ecuador,Tierra Viva,Tierra Viva,Be,N/A,2,"P4, A2, R2, P1, C1, C2, R1, R6, R5, P2, R3, A1, R7","Aumento frontera agrícola, uso de insecticidas y herbicidas, mineria, deforestación, incendios forestales, escorrentias, olas de calor, heladas, mal uso del agua de riego, basura en las quebradas",1502903.00486903,43938.856482504,Bosque espinoso,Moderado,-78.0241426918719,0.392627628089877
137,137,Ecuador,Tierra Viva,Tierra Viva,Be,N/A,2,"P4, A2, R2, P1, C1, C2, R1, R6, R5, P2, R3, A1, R7","Aumento frontera agrícola, uso de insecticidas y herbicidas, mineria, deforestación, incendios forestales, escorrentias, olas de calor, heladas, mal uso del agua de riego, basura en las quebradas",1503567.10880921,44627.0038760584,Bosque espinoso,Moderado,-78.0182413797582,0.398770225342958
138,138,Ecuador,Tierra Viva,Tierra Viva,Be,N/A,2,"P4, A2, R2, P1, C1, C2, R1, R6, R5, P2, R3, A1, R7","Aumento frontera agrícola, uso de insecticidas y herbicidas, mineria, deforestación, incendios forestales, escorrentias, olas de calor, heladas, mal uso del agua de riego, basura en las quebradas",1503238.84091502,44533.4487244561,Bosque espinoso,Moderado,-78.0211560162315,0.397937472112821
139,139,Ecuador,Tierra Viva,Tierra Viva,Be,N/A,2,"P4, A2, R2, P1, C1, C2, R1, R6, R5, P2, R3, A1, R7","Aumento frontera agrícola, uso de insecticidas y herbicidas, mineria, deforestación, incendios forestales, escorrentias, olas de calor, heladas, mal uso del agua de riego, basura en las quebradas",1503295.54024352,44160.734288473,Bosque espinoso,Moderado,-78.0206563642638,0.394606459194994
140,140,Ecuador,Tierra Viva,Tierra Viva,Be,N/A,2,"P4, A2, R2, P1, C1, C2, R1, R6, R5, P2, R3, A1, R7","Aumento frontera agrícola, uso de insecticidas y herbicidas, mineria, deforestación, incendios forestales, escorrentias, olas de calor, heladas, mal uso del agua de riego, basura en las quebradas",1502545.89169279,43321.1866485162,Bosque espinoso,Moderado,-78.0273183904858,0.387111680128213
141,141,Ecuador,Tierra Viva,Tierra Viva,Be,N/A,2,"P4, A2, R2, P1, C1, C2, R1, R6, R5, P2, R3, A1, R7","Aumento frontera agrícola, uso de insecticidas y herbicidas, mineria, deforestación, incendios forestales, escorrentias, olas de calor, heladas, mal uso del agua de riego, basura en las quebradas",1502508.0351326,43628.6810298235,Bosque espinoso,Moderado,-78.0276514917977,0.389859765785411
142,142,Ecuador,Tierra Viva,Tierra Viva,Be,N/A,2,"P4, A2, R2, P1, C1, C2, R1, R6, R5, P2, R3, A1, R7","Aumento frontera agrícola, uso de insecticidas y herbicidas, mineria, deforestación, incendios forestales, escorrentias, olas de calor, heladas, mal uso del agua de riego, basura en las quebradas",1502836.42990869,43601.076018023,Bosque espinoso,Moderado,-78.0247368553249,0.389609939817212
143,143,Ecuador,Tierra Viva,Tierra Viva,Be,N/A,2,"P4, A2, R2, P1, C1, C2, R1, R6, R5, P2, R3, A1, R7","Aumento frontera agrícola, uso de insecticidas y herbicidas, mineria, deforestación, incendios forestales, escorrentias, olas de calor, heladas, mal uso del agua de riego, basura en las quebradas",1503402.82689064,42308.9830388893,Bosque espinoso,Moderado,-78.0197215980156,0.378058802510389
144,144,Ecuador,Tierra Viva,Tierra Viva,Be,N/A,2,"P4, A2, R2, P1, C1, C2, R1, R6, R5, P2, R3, A1, R7","Aumento frontera agrícola, uso de insecticidas y herbicidas, mineria, deforestación, incendios forestales, escorrentias, olas de calor, heladas, mal uso del agua de riego, basura en las quebradas",1503614.93326688,43788.3023902863,Bosque espinoso,Moderado,-78.0178250031172,0.391275446277703
145,145,Ecuador,Tierra Viva,Tierra Viva,Be,N/A,2,"P4, A2, R2, P1, C1, C2, R1, R6, R5, P2, R3, A1, R7","Aumento frontera agrícola, uso de insecticidas y herbicidas, mineria, deforestación, incendios forestales, escorrentias, olas de calor, heladas, mal uso del agua de riego, basura en las quebradas",1503249.46484555,43387.1734487467,Bosque espinoso,Moderado,-78.0210727409011,0.387694607390189
146,146,Ecuador,Tierra Viva,Tierra Viva,Be,N/A,2,"P4, A2, R2, P1, C1, C2, R1, R6, R5, P2, R3, A1, R7","Aumento frontera agrícola, uso de insecticidas y herbicidas, mineria, deforestación, incendios forestales, escorrentias, olas de calor, heladas, mal uso del agua de riego, basura en las quebradas",1503015.24350664,43079.3844048247,Bosque espinoso,Moderado,-78.0231546240956,0.384946521732444
147,147,Ecuador,Tierra Viva,Tierra Viva,Be,N/A,2,"P4, A2, R2, P1, C1, C2, R1, R6, R5, P2, R3, A1, R7","Aumento frontera agrícola, uso de insecticidas y herbicidas, mineria, deforestación, incendios forestales, escorrentias, olas de calor, heladas, mal uso del agua de riego, basura en las quebradas",1502734.49296267,42408.0977500253,Bosque espinoso,Moderado,-78.025652883928,0.378950698479652
148,148,Ecuador,Tierra Viva,Tierra Viva,Be,N/A,2,"P4, A2, R2, P1, C1, C2, R1, R6, R5, P2, R3, A1, R7","Aumento frontera agrícola, uso de insecticidas y herbicidas, mineria, deforestación, incendios forestales, escorrentias, olas de calor, heladas, mal uso del agua de riego, basura en las quebradas",1502791.15268994,42054.0235435507,Bosque espinoso,Moderado,-78.0251532319605,0.375786236207741
149,149,Ecuador,Tierra Viva,Tierra Viva,Be,N/A,2,"P4, A2, R2, P1, C1, C2, R1, R6, R5, P2, R3, A1, R7","Aumento frontera agrícola, uso de insecticidas y herbicidas, mineria, deforestación, incendios forestales, escorrentias, olas de calor, heladas, mal uso del agua de riego, basura en las quebradas",1503053.92372823,41979.7409319884,Bosque espinoso,Moderado,-78.0228215227819,0.375120033624639
150,150,Ecuador,Tierra Viva,Tierra Viva,Be,N/A,2,"P4, A2, R2, P1, C1, C2, R1, R6, R5, P2, R3, A1, R7","Aumento frontera agrícola, uso de insecticidas y herbicidas, mineria, deforestación, incendios forestales, escorrentias, olas de calor, heladas, mal uso del agua de riego, basura en las quebradas",1503671.97432808,43089.401262334,Bosque espinoso,Moderado,-78.0173253511487,0.385029797056674
151,151,Ecuador,Tierra Viva,Tierra Viva,Be,N/A,2,"P4, A2, R2, P1, C1, C2, R1, R6, R5, P2, R3, A1, R7","Aumento frontera agrícola, uso de insecticidas y herbicidas, mineria, deforestación, incendios forestales, escorrentias, olas de calor, heladas, mal uso del agua de riego, basura en las quebradas",1503090.77146478,42632.1348668666,Bosque espinoso,Moderado,-78.0224884214721,0.380949306231096
152,152,Ecuador,Tierra Viva,Tierra Viva,Be,N/A,2,"P4, A2, R2, P1, C1, C2, R1, R6, R5, P2, R3, A1, R7","Aumento frontera agrícola, uso de insecticidas y herbicidas, mineria, deforestación, incendios forestales, escorrentias, olas de calor, heladas, mal uso del agua de riego, basura en las quebradas",1503390.47310872,43126.3799789846,Bosque espinoso,Moderado,-78.0198236109833,0.385362898347919
153,153,Ecuador,Tierra Viva,Tierra Viva,Be,N/A,2,"P4, A2, R2, P1, C1, C2, R1, R6, R5, P2, R3, A1, R7","Aumento frontera agrícola, uso de insecticidas y herbicidas, mineria, deforestación, incendios forestales, escorrentias, olas de calor, heladas, mal uso del agua de riego, basura en las quebradas",1504262.11910954,42315.1269319164,Bosque espinoso,Moderado,-78.0120945144558,0.378105689885836
154,154,Ecuador,Tierra Viva,Tierra Viva,Be,N/A,2,"P4, A2, R2, P1, C1, C2, R1, R6, R5, P2, R3, A1, R7","Aumento frontera agrícola, uso de insecticidas y herbicidas, mineria, deforestación, incendios forestales, escorrentias, olas de calor, heladas, mal uso del agua de riego, basura en las quebradas",1503888.74253247,42157.6763615704,Bosque espinoso,Moderado,-78.0154100186066,0.376702264762236
155,155,Ecuador,Tierra Viva,Tierra Viva,Be,N/A,2,"P4, A2, R2, P1, C1, C2, R1, R6, R5, P2, R3, A1, R7","Aumento frontera agrícola, uso de insecticidas y herbicidas, mineria, deforestación, incendios forestales, escorrentias, olas de calor, heladas, mal uso del agua de riego, basura en las quebradas",1504010.23319644,42614.4621066966,Bosque espinoso,Moderado,-78.0143274393458,0.380782755586936
156,156,Ecuador,Tierra Viva,Tierra Viva,Be,N/A,2,"P4, A2, R2, P1, C1, C2, R1, R6, R5, P2, R3, A1, R7","Aumento frontera agrícola, uso de insecticidas y herbicidas, mineria, deforestación, incendios forestales, escorrentias, olas de calor, heladas, mal uso del agua de riego, basura en las quebradas",1504535.41208651,42829.3673783866,Bosque espinoso,Moderado,-78.0096640209872,0.382698088015778
157,157,Ecuador,Tierra Viva,Tierra Viva,Be,N/A,2,"P4, A2, R2, P1, C1, C2, R1, R6, R5, P2, R3, A1, R7","Aumento frontera agrícola, uso de insecticidas y herbicidas, mineria, deforestación, incendios forestales, escorrentias, olas de calor, heladas, mal uso del agua de riego, basura en las quebradas",1504459.71909597,43425.7471418119,Bosque espinoso,Moderado,-78.0103302236113,0.388027708684336
158,158,Ecuador,Tierra Viva,Tierra Viva,Be,N/A,2,"P4, A2, R2, P1, C1, C2, R1, R6, R5, P2, R3, A1, R7","Aumento frontera agrícola, uso de insecticidas y herbicidas, mineria, deforestación, incendios forestales, escorrentias, olas de calor, heladas, mal uso del agua de riego, basura en las quebradas",1504159.01613516,43863.4468682114,Bosque espinoso,Moderado,-78.0129950341033,0.391941648862344
159,159,Ecuador,Tierra Viva,Tierra Viva,Be,N/A,2,"P4, A2, R2, P1, C1, C2, R1, R6, R5, P2, R3, A1, R7","Aumento frontera agrícola, uso de insecticidas y herbicidas, mineria, deforestación, incendios forestales, escorrentias, olas de calor, heladas, mal uso del agua de riego, basura en las quebradas",1504263.14903057,42996.8331500867,Bosque espinoso,Moderado,-78.0120790054951,0.384197043828305
160,160,Ecuador,Tierra Viva,Tierra Viva,Be,N/A,2,"P4, A2, R2, P1, C1, C2, R1, R6, R5, P2, R3, A1, R7","Aumento frontera agrícola, uso de insecticidas y herbicidas, mineria, deforestación, incendios forestales, escorrentias, olas de calor, heladas, mal uso del agua de riego, basura en las quebradas",1504982.60614088,45030.3038795576,Bosque espinoso,Moderado,-78.0056736552417,0.402359909329161
161,161,Ecuador,Tierra Viva,Tierra Viva,Be,N/A,2,"P4, A2, R2, P1, C1, C2, R1, R6, R5, P2, R3, A1, R7","Aumento frontera agrícola, uso de insecticidas y herbicidas, mineria, deforestación, incendios forestales, escorrentias, olas de calor, heladas, mal uso del agua de riego, basura en las quebradas",1503952.24411624,44198.7275857841,Bosque espinoso,Moderado,-78.0148270913164,0.394939560488085
162,162,Ecuador,Tierra Viva,Tierra Viva,Be,N/A,2,"P4, A2, R2, P1, C1, C2, R1, R6, R5, P2, R3, A1, R7","Aumento frontera agrícola, uso de insecticidas y herbicidas, mineria, deforestación, incendios forestales, escorrentias, olas de calor, heladas, mal uso del agua de riego, basura en las quebradas",1504402.50794565,44273.7758940998,Bosque espinoso,Moderado,-78.0108298755803,0.395605763072586
163,163,Ecuador,Tierra Viva,Tierra Viva,Be,N/A,2,"P4, A2, R2, P1, C1, C2, R1, R6, R5, P2, R3, A1, R7","Aumento frontera agrícola, uso de insecticidas y herbicidas, mineria, deforestación, incendios forestales, escorrentias, olas de calor, heladas, mal uso del agua de riego, basura en las quebradas",1504111.2300861,44664.8811201486,Bosque espinoso,Moderado,-78.0134114107443,0.399103326635845
164,164,Ecuador,Tierra Viva,Tierra Viva,Be,N/A,2,"P4, A2, R2, P1, C1, C2, R1, R6, R5, P2, R3, A1, R7","Aumento frontera agrícola, uso de insecticidas y herbicidas, mineria, deforestación, incendios forestales, escorrentias, olas de calor, heladas, mal uso del agua de riego, basura en las quebradas",1504552.1431656,44711.965536583,Bosque espinoso,Moderado,-78.0094974703358,0.399519703251448
165,165,Ecuador,Tierra Viva,Tierra Viva,Be,N/A,2,"P4, A2, R2, P1, C1, C2, R1, R6, R5, P2, R3, A1, R7","Aumento frontera agrícola, uso de insecticidas y herbicidas, mineria, deforestación, incendios forestales, escorrentias, olas de calor, heladas, mal uso del agua de riego, basura en las quebradas",1504298.37852941,45112.4304103812,Bosque espinoso,Moderado,-78.0117459041886,0.403100542137753
166,166,Ecuador,Tierra Viva,Tierra Viva,Be,N/A,2,"P4, A2, R2, P1, C1, C2, R1, R6, R5, P2, R3, A1, R7","Aumento frontera agrícola, uso de insecticidas y herbicidas, mineria, deforestación, incendios forestales, escorrentias, olas de calor, heladas, mal uso del agua de riego, basura en las quebradas",1504823.15915256,45672.2007507697,Bosque espinoso,Moderado,-78.0070824858303,0.408097061515751
167,167,Ecuador,Tierra Viva,Tierra Viva,Be,N/A,2,"P4, A2, R2, P1, C1, C2, R1, R6, R5, P2, R3, A1, R7","Aumento frontera agrícola, uso de insecticidas y herbicidas, mineria, deforestación, incendios forestales, escorrentias, olas de calor, heladas, mal uso del agua de riego, basura en las quebradas",1505057.86490457,45541.9878728551,Bosque espinoso,Moderado,-78.0050006026334,0.406931206994941
168,168,Ecuador,Tierra Viva,Tierra Viva,Be,N/A,2,"P4, A2, R2, P1, C1, C2, R1, R6, R5, P2, R3, A1, R7","Aumento frontera agrícola, uso de insecticidas y herbicidas, mineria, deforestación, incendios forestales, escorrentias, olas de calor, heladas, mal uso del agua de riego, basura en las quebradas",1505302.10022371,45281.3059327652,Bosque espinoso,Moderado,-78.0028354441082,0.404599497952875
169,169,Ecuador,Tierra Viva,Tierra Viva,Be,N/A,2,"P4, A2, R2, P1, C1, C2, R1, R6, R5, P2, R3, A1, R7","Aumento frontera agrícola, uso de insecticidas y herbicidas, mineria, deforestación, incendios forestales, escorrentias, olas de calor, heladas, mal uso del agua de riego, basura en las quebradas",1504711.03157842,45262.0056700391,Bosque espinoso,Moderado,-78.0080817897636,0.404432947305763
170,170,Ecuador,Tierra Viva,Tierra Viva,Mi,N/A,3,"R6, R5, R2, A2, P2, R7, R3, P4, P1","Quemas, aumento frontera agrícola y pecuaria, uso de agroquímicos, extracción de leña, mal manejo de residuos sólidos",1502831.03662634,40547.5272631994,Matorral interandino,Grave,-78.0248128215308,0.362324142752181
171,171,Ecuador,Tierra Viva,Tierra Viva,Mi,N/A,3,"R6, R5, R2, A2, P2, R7, R3, P4, P1","Quemas, aumento frontera agrícola y pecuaria, uso de agroquímicos, extracción de leña, mal manejo de residuos sólidos",1503579.47062063,41831.1730330696,Matorral interandino,Grave,-78.0181581044241,0.37378762845846
172,172,Ecuador,Tierra Viva,Tierra Viva,Mi,N/A,3,"R6, R5, R2, A2, P2, R7, R3, P4, P1","Quemas, aumento frontera agrícola y pecuaria, uso de agroquímicos, extracción de leña, mal manejo de residuos sólidos",1503382.71570261,41570.025938614,Matorral interandino,Grave,-78.0199068863078,0.371455919415542
173,173,Ecuador,Tierra Viva,Tierra Viva,Mi,N/A,3,"R6, R5, R2, A2, P2, R7, R3, P4, P1","Quemas, aumento frontera agrícola y pecuaria, uso de agroquímicos, extracción de leña, mal manejo de residuos sólidos",1502989.0522911,41196.8488353043,Matorral interandino,Grave,-78.0234044500749,0.368124906496889
174,174,Ecuador,Tierra Viva,Tierra Viva,Mi,N/A,3,"R6, R5, R2, A2, P2, R7, R3, P4, P1","Quemas, aumento frontera agrícola y pecuaria, uso de agroquímicos, extracción de leña, mal manejo de residuos sólidos",1502821.44414876,39929.2530633524,Matorral interandino,Grave,-78.0249034059726,0.356799462575641
175,175,Ecuador,Tierra Viva,Tierra Viva,Mi,N/A,3,"R6, R5, R2, A2, P2, R7, R3, P4, P1","Quemas, aumento frontera agrícola y pecuaria, uso de agroquímicos, extracción de leña, mal manejo de residuos sólidos",1502934.70895832,39230.414599518,Matorral interandino,Grave,-78.0239041020376,0.350553813354727
176,176,Ecuador,Tierra Viva,Tierra Viva,Mi,N/A,3,"R6, R5, R2, A2, P2, R7, R3, P4, P1","Quemas, aumento frontera agrícola y pecuaria, uso de agroquímicos, extracción de leña, mal manejo de residuos sólidos",1503263.44627869,38848.636713077,Matorral interandino,Grave,-78.0209894655637,0.347139525114426
177,177,Ecuador,Tierra Viva,Tierra Viva,Mi,N/A,3,"R6, R5, R2, A2, P2, R7, R3, P4, P1","Quemas, aumento frontera agrícola y pecuaria, uso de agroquímicos, extracción de leña, mal manejo de residuos sólidos",1504392.22919516,40971.033688119,Matorral interandino,Grave,-78.0109519371556,0.366094412723816
178,178,Ecuador,Tierra Viva,Tierra Viva,Mi,N/A,3,"R6, R5, R2, A2, P2, R7, R3, P4, P1","Quemas, aumento frontera agrícola y pecuaria, uso de agroquímicos, extracción de leña, mal manejo de residuos sólidos",1504198.88436285,41645.4195817211,Matorral interandino,Grave,-78.012661932787,0.372122122000641
179,179,Ecuador,Tierra Viva,Tierra Viva,Mi,N/A,3,"R6, R5, R2, A2, P2, R7, R3, P4, P1","Quemas, aumento frontera agrícola y pecuaria, uso de agroquímicos, extracción de leña, mal manejo de residuos sólidos",1504592.96834071,41617.8653881251,Matorral interandino,Grave,-78.0091643690174,0.371872296032531
180,180,Ecuador,Tierra Viva,Tierra Viva,Mi,N/A,3,"R6, R5, R2, A2, P2, R7, R3, P4, P1","Quemas, aumento frontera agrícola y pecuaria, uso de agroquímicos, extracción de leña, mal manejo de residuos sólidos",1505325.23380423,41189.903180174,Matorral interandino,Grave,-78.0026688934432,0.368041631178244
181,181,Ecuador,Tierra Viva,Tierra Viva,Mi,N/A,3,"R6, R5, R2, A2, P2, R7, R3, P4, P1","Quemas, aumento frontera agrícola y pecuaria, uso de agroquímicos, extracción de leña, mal manejo de residuos sólidos",1505222.59148884,40630.607272423,Matorral interandino,Grave,-78.0035849220486,0.36304511180111
182,182,Ecuador,Tierra Viva,Tierra Viva,Mi,N/A,3,"R6, R5, R2, A2, P2, R7, R3, P4, P1","Quemas, aumento frontera agrícola y pecuaria, uso de agroquímicos, extracción de leña, mal manejo de residuos sólidos",1504931.3509171,41012.4265463508,Matorral interandino,Grave,-78.0061664572133,0.366459400041487
183,183,Ecuador,Tierra Viva,Tierra Viva,Mi,N/A,3,"R6, R5, R2, A2, P2, R7, R3, P4, P1","Quemas, aumento frontera agrícola y pecuaria, uso de agroquímicos, extracción de leña, mal manejo de residuos sólidos",1504349.43843151,41216.8700134643,Matorral interandino,Grave,-78.0113295275406,0.368291457145285
184,184,Ecuador,Tierra Viva,Tierra Viva,Mi,N/A,3,"R6, R5, R2, A2, P2, R7, R3, P4, P1","Quemas, aumento frontera agrícola y pecuaria, uso de agroquímicos, extracción de leña, mal manejo de residuos sólidos",1505513.0920841,40985.0559402876,Matorral interandino,Grave,-78.0010033868852,0.366209574073708
185,185,Ecuador,Tierra Viva,Tierra Viva,Mi,N/A,3,"R6, R5, R2, A2, P2, R7, R3, P4, P1","Quemas, aumento frontera agrícola y pecuaria, uso de agroquímicos, extracción de leña, mal manejo de residuos sólidos",1504846.51125323,41403.771072991,Matorral interandino,Grave,-78.0069159351649,0.36995696360519
186,186,Ecuador,Tierra Viva,Tierra Viva,Bm,N/A,2,"P2, P4, A1, R5, A2, P3, R1, R2, R6, C2, R3","Tala, aumento frontera agrícola y pecuaria, extracción de madera, uso de agroquímicos, quemas, mal manejo de residuos sólidos",1505118.05125609,39605.2406815436,Bosque montano,Moderado,-78.0045217977607,0.353884111701022
187,187,Ecuador,Tierra Viva,Tierra Viva,Bm,N/A,2,"P2, P4, A1, R5, A2, P3, R1, R2, R6, C2, R3","Tala, aumento frontera agrícola y pecuaria, extracción de madera, uso de agroquímicos, quemas, mal manejo de residuos sólidos",1504735.6299398,39698.1442081297,Bosque montano,Moderado,-78.0079152390956,0.354717579505336
188,188,Ecuador,Tierra Viva,Tierra Viva,Bm,N/A,2,"P2, P4, A1, R5, A2, P3, R1, R2, R6, C2, R3","Tala, aumento frontera agrícola y pecuaria, extracción de madera, uso de agroquímicos, quemas, mal manejo de residuos sólidos",1504951.87892217,39232.3663476563,Bosque montano,Moderado,-78.0059999065538,0.350553813358276
189,189,Ecuador,Tierra Viva,Tierra Viva,Bm,N/A,2,"P2, P4, A1, R5, A2, P3, R1, R2, R6, C2, R3","Tala, aumento frontera agrícola y pecuaria, extracción de madera, uso de agroquímicos, quemas, mal manejo de residuos sólidos",1504896.03307196,38766.323138748,Bosque montano,Moderado,-78.00649955852,0.34639004721072
190,190,Ecuador,Tierra Viva,Tierra Viva,Bm,N/A,2,"P2, P4, A1, R5, A2, P3, R1, R2, R6, C2, R3","Tala, aumento frontera agrícola y pecuaria, extracción de madera, uso de agroquímicos, quemas, mal manejo de residuos sólidos",1504990.21236287,38393.6211146326,Bosque montano,Moderado,-78.0056668052407,0.343059034292932
191,191,Ecuador,Tierra Viva,Tierra Viva,Bm,N/A,2,"P2, P4, A1, R5, A2, P3, R1, R2, R6, C2, R3","Tala, aumento frontera agrícola y pecuaria, extracción de madera, uso de agroquímicos, quemas, mal manejo de residuos sólidos",1504689.84282019,38533.13246597,Bosque montano,Moderado,-78.0083316157325,0.344308164136637
192,192,Ecuador,Tierra Viva,Tierra Viva,Bm,N/A,2,"P2, P4, A1, R5, A2, P3, R1, R2, R6, C2, R3","Tala, aumento frontera agrícola y pecuaria, extracción de madera, uso de agroquímicos, quemas, mal manejo de residuos sólidos",1504793.98518231,37536.0173481947,Bosque montano,Moderado,-78.0074155871241,0.335397704581291
193,193,Ecuador,Tierra Viva,Tierra Viva,Bm,N/A,2,"P2, P4, A1, R5, A2, P3, R1, R2, R6, C2, R3","Tala, aumento frontera agrícola y pecuaria, extracción de madera, uso de agroquímicos, quemas, mal manejo de residuos sólidos",1504774.7859702,38001.9872621772,Bosque montano,Moderado,-78.0075821377807,0.339561470728707
194,194,Ecuador,Tierra Viva,Tierra Viva,Bm,N/A,2,"P2, P4, A1, R5, A2, P3, R1, R2, R6, C2, R3","Tala, aumento frontera agrícola y pecuaria, extracción de madera, uso de agroquímicos, quemas, mal manejo de residuos sólidos",1504349.11614751,38331.8028409323,Bosque montano,Moderado,-78.0113575177557,0.342512088349512
195,195,Ecuador,Tierra Viva,Tierra Viva,Bm,N/A,2,"P2, P4, A1, R5, A2, P3, R1, R2, R6, C2, R3","Tala, aumento frontera agrícola y pecuaria, extracción de madera, uso de agroquímicos, quemas, mal manejo de residuos sólidos",1504061.39715285,38355.4627619866,Bosque montano,Moderado,-78.0139110626977,0.342725932999549
196,196,Ecuador,Tierra Viva,Tierra Viva,Bm,N/A,2,"P2, P4, A1, R5, A2, P3, R1, R2, R6, C2, R3","Tala, aumento frontera agrícola y pecuaria, extracción de madera, uso de agroquímicos, quemas, mal manejo de residuos sólidos",1504127.48481458,37917.5038374208,Bosque montano,Moderado,-78.013328135402,0.338811992821057
197,197,Ecuador,Tierra Viva,Tierra Viva,Bm,N/A,2,"P2, P4, A1, R5, A2, P3, R1, R2, R6, C2, R3","Tala, aumento frontera agrícola y pecuaria, extracción de madera, uso de agroquímicos, quemas, mal manejo de residuos sólidos",1503818.29648981,37460.5575186952,Bosque montano,Moderado,-78.0160762212196,0.334731501996064
198,198,Ecuador,Tierra Viva,Tierra Viva,Bm,N/A,2,"P2, P4, A1, R5, A2, P3, R1, R2, R6, C2, R3","Tala, aumento frontera agrícola y pecuaria, extracción de madera, uso de agroquímicos, quemas, mal manejo de residuos sólidos",1503968.9666891,36854.9247617721,Bosque montano,Moderado,-78.0147438159732,0.329318606004663
199,199,Ecuador,Tierra Viva,Tierra Viva,Bm,N/A,2,"P2, P4, A1, R5, A2, P3, R1, R2, R6, C2, R3","Tala, aumento frontera agrícola y pecuaria, extracción de madera, uso de agroquímicos, quemas, mal manejo de residuos sólidos",1503912.44395943,37106.5013826173,Bosque montano,Moderado,-78.0152434679406,0.331567039724179
200,200,Ecuador,Tierra Viva,Tierra Viva,Bm,N/A,2,"P2, P4, A1, R5, A2, P3, R1, R2, R6, C2, R3","Tala, aumento frontera agrícola y pecuaria, extracción de madera, uso de agroquímicos, quemas, mal manejo de residuos sólidos",1503611.88921557,37460.366863736,Bosque montano,Moderado,-78.0179082784317,0.334731501995708
201,201,Ecuador,Tierra Viva,Tierra Viva,Bm,N/A,2,"P2, P4, A1, R5, A2, P3, R1, R2, R6, C2, R3","Tala, aumento frontera agrícola y pecuaria, extracción de madera, uso de agroquímicos, quemas, mal manejo de residuos sólidos",1503609.85219097,35671.4747934165,Bosque montano,Moderado,-78.0179406735816,0.318746670644874
202,202,Ecuador,Tierra Viva,Tierra Viva,Bm,N/A,2,"P2, P4, A1, R5, A2, P3, R1, R2, R6, C2, R3","Tala, aumento frontera agrícola y pecuaria, extracción de madera, uso de agroquímicos, quemas, mal manejo de residuos sólidos",1503800.7330361,36137.168074758,Bosque montano,Moderado,-78.0162427718728,0.322906406137337
203,203,Ecuador,Tierra Viva,Tierra Viva,Bm,N/A,2,"P2, P4, A1, R5, A2, P3, R1, R2, R6, C2, R3","Tala, aumento frontera agrícola y pecuaria, extracción de madera, uso de agroquímicos, quemas, mal manejo de residuos sólidos",1503895.03307156,35596.7181516872,Bosque montano,Moderado,-78.0154100185935,0.318076437406476
204,204,Ecuador,Tierra Viva,Tierra Viva,Bm,N/A,2,"P2, P4, A1, R5, A2, P3, R1, R2, R6, C2, R3","Tala, aumento frontera agrícola y pecuaria, extracción de madera, uso de agroquímicos, quemas, mal manejo de residuos sólidos",1503397.98294957,35363.2959921791,Bosque montano,Moderado,-78.0198236109677,0.315994554331972
205,205,Ecuador,Tierra Viva,Tierra Viva,Bm,N/A,2,"P2, P4, A1, R5, A2, P3, R1, R2, R6, C2, R3","Tala, aumento frontera agrícola y pecuaria, extracción de madera, uso de agroquímicos, quemas, mal manejo de residuos sólidos",1503425.72859361,35819.9728904181,Bosque montano,Moderado,-78.019573784985,0.320075045156482
206,206,Ecuador,Tierra Viva,Tierra Viva,Bm,N/A,2,"P2, P4, A1, R5, A2, P3, R1, R2, R6, C2, R3","Tala, aumento frontera agrícola y pecuaria, extracción de madera, uso de agroquímicos, quemas, mal manejo de residuos sólidos",1502524.11119251,33762.6883538172,Bosque montano,Moderado,-78.0275922558603,0.301698563240857
207,207,Ecuador,Tierra Viva,Tierra Viva,Bm,N/A,2,"P2, P4, A1, R5, A2, P3, R1, R2, R6, C2, R3","Tala, aumento frontera agrícola y pecuaria, extracción de madera, uso de agroquímicos, quemas, mal manejo de residuos sólidos",1503829.95720343,34907.0153706835,Bosque montano,Moderado,-78.015992945887,0.311914063508188
208,208,Ecuador,Tierra Viva,Tierra Viva,Bm,N/A,2,"P2, P4, A1, R5, A2, P3, R1, R2, R6, C2, R3","Tala, aumento frontera agrícola y pecuaria, extracción de madera, uso de agroquímicos, quemas, mal manejo de residuos sólidos",1502722.5751226,35250.8760606244,Bosque montano,Moderado,-78.0258194345694,0.314995250455551
209,209,Ecuador,Tierra Viva,Tierra Viva,Bm,N/A,2,"P2, P4, A1, R5, A2, P3, R1, R2, R6, C2, R3","Tala, aumento frontera agrícola y pecuaria, extracción de madera, uso de agroquímicos, quemas, mal manejo de residuos sólidos",1503238.90714975,34878.5485358876,Bosque montano,Moderado,-78.0212392915396,0.311664237538411
210,210,Ecuador,Tierra Viva,Tierra Viva,Bm,N/A,2,"P2, P4, A1, R5, A2, P3, R1, R2, R6, C2, R3","Tala, aumento frontera agrícola y pecuaria, extracción de madera, uso de agroquímicos, quemas, mal manejo de residuos sólidos",1503502.80666227,33452.8979914916,Bosque montano,Moderado,-78.0189075823583,0.298923113127735
211,211,Ecuador,Tierra Viva,Tierra Viva,Bm,N/A,2,"P2, P4, A1, R5, A2, P3, R1, R2, R6, C2, R3","Tala, aumento frontera agrícola y pecuaria, extracción de madera, uso de agroquímicos, quemas, mal manejo de residuos sólidos",1503417.70659459,34244.9802679862,Bosque montano,Moderado,-78.01965706031,0.306001515578214
212,212,Ecuador,Tierra Viva,Tierra Viva,Bm,N/A,2,"P2, P4, A1, R5, A2, P3, R1, R2, R6, C2, R3","Tala, aumento frontera agrícola y pecuaria, extracción de madera, uso de agroquímicos, quemas, mal manejo de residuos sólidos",1502442.0341745,34178.9225410624,Bosque montano,Moderado,-78.0283176944011,0.305418588316085
213,213,Ecuador,Tierra Viva,Tierra Viva,Bm,N/A,2,"P2, P4, A1, R5, A2, P3, R1, R2, R6, C2, R3","Tala, aumento frontera agrícola y pecuaria, extracción de madera, uso de agroquímicos, quemas, mal manejo de residuos sólidos",1502648.08881384,34589.1436185402,Bosque montano,Moderado,-78.0264856371905,0.309082702526124
214,214,Ecuador,Tierra Viva,Tierra Viva,Bm,N/A,2,"P2, P4, A1, R5, A2, P3, R1, R2, R6, C2, R3","Tala, aumento frontera agrícola y pecuaria, extracción de madera, uso de agroquímicos, quemas, mal manejo de residuos sólidos",1503117.62932694,34067.6589313708,Bosque montano,Moderado,-78.0223218707996,0.304419284441724
215,215,Ecuador,Tierra Viva,Tierra Viva,Bm,N/A,2,"P2, P4, A1, R5, A2, P3, R1, R2, R6, C2, R3","Tala, aumento frontera agrícola y pecuaria, extracción de madera, uso de agroquímicos, quemas, mal manejo de residuos sólidos",1502892.13060408,34458.8810828916,Bosque montano,Moderado,-78.0243204786676,0.307916848005211
216,216,Ecuador,Tierra Viva,Tierra Viva,Bm,N/A,2,"P2, P4, A1, R5, A2, P3, R1, R2, R6, C2, R3","Tala, aumento frontera agrícola y pecuaria, extracción de madera, uso de agroquímicos, quemas, mal manejo de residuos sólidos",1503633.28238918,34496.7885055675,Bosque montano,Moderado,-78.0177417277706,0.308249949298149
217,217,Ecuador,Tierra Viva,Tierra Viva,Bm,N/A,2,"P2, P4, A1, R5, A2, P3, R1, R2, R6, C2, R3","Tala, aumento frontera agrícola y pecuaria, extracción de madera, uso de agroquímicos, quemas, mal manejo de residuos sólidos",1502779.22880372,34831.557008063,Bosque montano,Moderado,-78.0253197826018,0.311247860922974
218,218,Ecuador,Tierra Viva,Tierra Viva,Bm,N/A,2,"P2, P4, A1, R5, A2, P3, R1, R2, R6, C2, R3","Tala, aumento frontera agrícola y pecuaria, extracción de madera, uso de agroquímicos, quemas, mal manejo de residuos sólidos",1502930.30790295,33685.409206737,Bosque montano,Moderado,-78.023987377355,0.301004996200584
219,219,Ecuador,Tierra Viva,Tierra Viva,Pr,N/A,2,"P3, P4, R6, R7, R1, A1, R2, P1","Quemas, aumento frontera agrícola, mal manejo de residuos sólidos",1503253.62854646,32921.3854685139,Páramo,Moderado,-78.0211231385921,0.294175516342126
220,220,Ecuador,Tierra Viva,Tierra Viva,Pr,N/A,2,"P3, P4, R6, R7, R1, A1, R2, P1","Quemas, aumento frontera agrícola, mal manejo de residuos sólidos",1502217.4594744,33470.4769891192,Páramo,Moderado,-78.0303163022667,0.299089663771717
221,221,Ecuador,Tierra Viva,Tierra Viva,Pr,N/A,2,"P3, P4, R6, R7, R1, A1, R2, P1","Quemas, aumento frontera agrícola, mal manejo de residuos sólidos",1502639.59813001,33526.7405128883,Páramo,Moderado,-78.0265689125165,0.299589315710035
222,222,Ecuador,Tierra Viva,Tierra Viva,Pr,N/A,2,"P3, P4, R6, R7, R1, A1, R2, P1","Quemas, aumento frontera agrícola, mal manejo de residuos sólidos",1502142.98230396,32762.1603874169,Páramo,Moderado,-78.0309825048877,0.292760739227577
223,223,Ecuador,Tierra Viva,Tierra Viva,Pr,N/A,2,"P3, P4, R6, R7, R1, A1, R2, P1","Quemas, aumento frontera agrícola, mal manejo de residuos sólidos",1502658.78205064,33014.1967161888,Páramo,Moderado,-78.02640236186,0.29500917294792
224,224,Ecuador,Tierra Viva,Tierra Viva,Pr,N/A,2,"P3, P4, R6, R7, R1, A1, R2, P1","Quemas, aumento frontera agrícola, mal manejo de residuos sólidos",1502461.69348847,33097.9094465015,Páramo,Moderado,-78.0281511437437,0.295758650854158
225,225,Ecuador,Tierra Viva,Tierra Viva,Pr,N/A,2,"P3, P4, R6, R7, R1, A1, R2, P1","Quemas, aumento frontera agrícola, mal manejo de residuos sólidos",1503080.68960155,33359.3563174709,Páramo,Moderado,-78.0226549721096,0.298090359897623
226,226,Ecuador,Tierra Viva,Tierra Viva,Pr,N/A,2,"P3, P4, R6, R7, R1, A1, R2, P1","Quemas, aumento frontera agrícola, mal manejo de residuos sólidos",1503484.37089994,33052.1461901698,Páramo,Moderado,-78.0190741330132,0.295342274240934
227,227,Ecuador,Tierra Viva,Tierra Viva,Pr,N/A,2,"P3, P4, R6, R7, R1, A1, R2, P1","Quemas, aumento frontera agrícola, mal manejo de residuos sólidos",1503043.40552051,33061.106326181,Páramo,Moderado,-78.0229880734204,0.295425549563217
228,228,Ecuador,Tierra Viva,Tierra Viva,Mi,N/A,3,"R6, R5, R2, A2, P2, R7, R3, P4, P1","Quemas, aumento frontera agrícola y pecuaria, uso de agroquímicos, extracción de leña, mal manejo de residuos sólidos",1505630.07239212,42733.2707007676,Matorral interandino,Grave,-77.9999490773241,0.381829104902411
229,229,Ecuador,Tierra Viva,Tierra Viva,Mi,N/A,3,"R6, R5, R2, A2, P2, R7, R3, P4, P1","Quemas, aumento frontera agrícola y pecuaria, uso de agroquímicos, extracción de leña, mal manejo de residuos sólidos",1504675.18096985,43733.5292533776,Matorral interandino,Grave,-78.0084148910714,0.390775794342081
230,230,Ecuador,Tierra Viva,Tierra Viva,Mi,N/A,3,"R6, R5, R2, A2, P2, R7, R3, P4, P1","Quemas, aumento frontera agrícola y pecuaria, uso de agroquímicos, extracción de leña, mal manejo de residuos sólidos",1505247.64674099,43603.6692255192,Matorral interandino,Grave,-78.0033350960715,0.389609939821919
231,231,Ecuador,Tierra Viva,Tierra Viva,Mi,N/A,3,"R6, R5, R2, A2, P2, R7, R3, P4, P1","Quemas, aumento frontera agrícola y pecuaria, uso de agroquímicos, extracción de leña, mal manejo de residuos sólidos",1505135.7942117,42913.8806784374,Matorral interandino,Grave,-78.0043344000044,0.383447565923479
232,232,Ecuador,Tierra Viva,Tierra Viva,Mi,N/A,3,"R6, R5, R2, A2, P2, R7, R3, P4, P1","Quemas, aumento frontera agrícola y pecuaria, uso de agroquímicos, extracción de leña, mal manejo de residuos sólidos",1504798.59723311,42372.9772675018,Matorral interandino,Grave,-78.0073323118063,0.378617597191778
233,233,Ecuador,Tierra Viva,Tierra Viva,Mi,N/A,3,"R6, R5, R2, A2, P2, R7, R3, P4, P1","Quemas, aumento frontera agrícola y pecuaria, uso de agroquímicos, extracción de leña, mal manejo de residuos sólidos",1505793.4307385,42094.4186005342,Matorral interandino,Grave,-77.998505127051,0.376119337505195
234,234,Ecuador,Tierra Viva,Tierra Viva,Mi,N/A,3,"R6, R5, R2, A2, P2, R7, R3, P4, P1","Quemas, aumento frontera agrícola y pecuaria, uso de agroquímicos, extracción de leña, mal manejo de residuos sólidos",1505717.02208249,43371.1754263714,Matorral interandino,Grave,-77.999171329677,0.387528056749108
235,235,Ecuador,Tierra Viva,Tierra Viva,Mi,N/A,3,"R6, R5, R2, A2, P2, R7, R3, P4, P1","Quemas, aumento frontera agrícola y pecuaria, uso de agroquímicos, extracción de leña, mal manejo de residuos sólidos",1504825.75877896,43304.9824617464,Matorral interandino,Grave,-78.0070824858248,0.386945129486712
236,236,Ecuador,Tierra Viva,Tierra Viva,Mi,N/A,3,"R6, R5, R2, A2, P2, R7, R3, P4, P1","Quemas, aumento frontera agrícola y pecuaria, uso de agroquímicos, extracción de leña, mal manejo de residuos sólidos",1505202.22536321,42196.3222880424,Matorral interandino,Grave,-78.0037514727077,0.377035366056522
